Latitude Longitude Value, endStep
   44.252   11.722 2.1 0
   44.252   11.742 2.1 0
   44.252   11.762 1.9 0
   44.252   11.782 1.7 0
   44.252   11.802 1.6 0
   44.252   11.822 1.6 0
   44.252   11.842 1.4 0
   44.252   11.862 1.3 0
   44.252   11.882 1.3 0
   44.252   11.902 1.2 0
   44.252   11.922 0.9 0
   44.252   11.942 0.7 0
   44.252   11.962 0.7 0
   44.272   11.722 2.0 0
   44.272   11.742 2.0 0
   44.272   11.762 1.7 0
   44.272   11.782 1.5 0
   44.272   11.802 1.3 0
   44.272   11.822 1.3 0
   44.272   11.842 1.2 0
   44.272   11.862 1.1 0
   44.272   11.882 1.1 0
   44.272   11.902 1.0 0
   44.272   11.922 0.7 0
   44.272   11.942 0.5 0
   44.272   11.962 0.5 0
   44.292   11.722 1.6 0
   44.292   11.742 1.6 0
   44.292   11.762 1.4 0
   44.292   11.782 1.1 0
   44.292   11.802 0.9 0
   44.292   11.822 0.9 0
   44.292   11.842 0.9 0
   44.292   11.862 1.0 0
   44.292   11.882 1.0 0
   44.292   11.902 0.9 0
   44.292   11.922 0.5 0
   44.292   11.942 0.5 0
   44.292   11.962 0.5 0
   44.312   11.722 1.2 0
   44.312   11.742 1.2 0
   44.312   11.762 1.0 0
   44.312   11.782 0.8 0
   44.312   11.802 0.6 0
   44.312   11.822 0.6 0
   44.312   11.842 0.6 0
   44.312   11.862 0.6 0
   44.312   11.882 0.6 0
   44.312   11.902 0.6 0
   44.312   11.922 0.5 0
   44.312   11.942 0.4 0
   44.312   11.962 0.4 0
   44.332   11.722 1.0 0
   44.332   11.742 1.0 0
   44.332   11.762 0.7 0
   44.332   11.782 0.5 0
   44.332   11.802 0.4 0
   44.332   11.822 0.4 0
   44.332   11.842 0.4 0
   44.332   11.862 0.4 0
   44.332   11.882 0.4 0
   44.332   11.902 0.4 0
   44.332   11.922 0.4 0
   44.332   11.942 0.3 0
   44.332   11.962 0.3 0
   44.352   11.722 0.6 0
   44.352   11.742 0.6 0
   44.352   11.762 0.4 0
   44.352   11.782 0.4 0
   44.352   11.802 0.4 0
   44.352   11.822 0.4 0
   44.352   11.842 0.3 0
   44.352   11.862 0.2 0
   44.352   11.882 0.2 0
   44.352   11.902 0.3 0
   44.352   11.922 0.3 0
   44.352   11.942 0.3 0
   44.352   11.962 0.3 0
   44.372   11.722 0.5 0
   44.372   11.742 0.5 0
   44.372   11.762 0.3 0
   44.372   11.782 0.3 0
   44.372   11.802 0.3 0
   44.372   11.822 0.3 0
   44.372   11.842 0.3 0
   44.372   11.862 0.2 0
   44.372   11.882 0.2 0
   44.372   11.902 0.2 0
   44.372   11.922 0.2 0
   44.372   11.942 0.2 0
   44.372   11.962 0.2 0
   44.392   11.722 0.3 0
   44.392   11.742 0.3 0
   44.392   11.762 0.1 0
   44.392   11.782 0.1 0
   44.392   11.802 0.1 0
   44.392   11.822 0.1 0
   44.392   11.842 0.1 0
   44.392   11.862 0.1 0
   44.392   11.882 0.1 0
   44.392   11.902 0.2 0
   44.392   11.922 0.2 0
   44.392   11.942 0.1 0
   44.392   11.962 0.1 0
Latitude Longitude Value, endStep
   44.252   11.722 2.3 24
   44.252   11.742 2.3 24
   44.252   11.762 2.3 24
   44.252   11.782 2.3 24
   44.252   11.802 2.1 24
   44.252   11.822 2.1 24
   44.252   11.842 1.8 24
   44.252   11.862 1.4 24
   44.252   11.882 1.4 24
   44.252   11.902 1.1 24
   44.252   11.922 0.8 24
   44.252   11.942 0.7 24
   44.252   11.962 0.7 24
   44.272   11.722 2.1 24
   44.272   11.742 2.1 24
   44.272   11.762 2.2 24
   44.272   11.782 2.1 24
   44.272   11.802 1.9 24
   44.272   11.822 1.9 24
   44.272   11.842 1.6 24
   44.272   11.862 1.2 24
   44.272   11.882 1.2 24
   44.272   11.902 0.9 24
   44.272   11.922 0.7 24
   44.272   11.942 0.6 24
   44.272   11.962 0.6 24
   44.292   11.722 1.8 24
   44.292   11.742 1.8 24
   44.292   11.762 1.7 24
   44.292   11.782 1.7 24
   44.292   11.802 1.5 24
   44.292   11.822 1.5 24
   44.292   11.842 1.2 24
   44.292   11.862 1.0 24
   44.292   11.882 1.0 24
   44.292   11.902 0.8 24
   44.292   11.922 0.6 24
   44.292   11.942 0.6 24
   44.292   11.962 0.6 24
   44.312   11.722 1.6 24
   44.312   11.742 1.6 24
   44.312   11.762 1.4 24
   44.312   11.782 1.2 24
   44.312   11.802 0.9 24
   44.312   11.822 0.9 24
   44.312   11.842 0.7 24
   44.312   11.862 0.6 24
   44.312   11.882 0.6 24
   44.312   11.902 0.6 24
   44.312   11.922 0.5 24
   44.312   11.942 0.5 24
   44.312   11.962 0.5 24
   44.332   11.722 1.4 24
   44.332   11.742 1.4 24
   44.332   11.762 1.1 24
   44.332   11.782 0.9 24
   44.332   11.802 0.6 24
   44.332   11.822 0.6 24
   44.332   11.842 0.5 24
   44.332   11.862 0.4 24
   44.332   11.882 0.4 24
   44.332   11.902 0.4 24
   44.332   11.922 0.4 24
   44.332   11.942 0.4 24
   44.332   11.962 0.4 24
   44.352   11.722 1.1 24
   44.352   11.742 1.1 24
   44.352   11.762 0.8 24
   44.352   11.782 0.6 24
   44.352   11.802 0.6 24
   44.352   11.822 0.6 24
   44.352   11.842 0.5 24
   44.352   11.862 0.4 24
   44.352   11.882 0.4 24
   44.352   11.902 0.4 24
   44.352   11.922 0.3 24
   44.352   11.942 0.3 24
   44.352   11.962 0.3 24
   44.372   11.722 0.8 24
   44.372   11.742 0.8 24
   44.372   11.762 0.5 24
   44.372   11.782 0.5 24
   44.372   11.802 0.4 24
   44.372   11.822 0.4 24
   44.372   11.842 0.5 24
   44.372   11.862 0.4 24
   44.372   11.882 0.4 24
   44.372   11.902 0.3 24
   44.372   11.922 0.3 24
   44.372   11.942 0.3 24
   44.372   11.962 0.3 24
   44.392   11.722 0.4 24
   44.392   11.742 0.4 24
   44.392   11.762 0.3 24
   44.392   11.782 0.3 24
   44.392   11.802 0.2 24
   44.392   11.822 0.2 24
   44.392   11.842 0.2 24
   44.392   11.862 0.2 24
   44.392   11.882 0.2 24
   44.392   11.902 0.2 24
   44.392   11.922 0.2 24
   44.392   11.942 0.2 24
   44.392   11.962 0.2 24
Latitude Longitude Value, endStep
   44.252   11.722 2.4 48
   44.252   11.742 2.4 48
   44.252   11.762 2.2 48
   44.252   11.782 2.0 48
   44.252   11.802 2.0 48
   44.252   11.822 2.0 48
   44.252   11.842 1.8 48
   44.252   11.862 1.8 48
   44.252   11.882 1.8 48
   44.252   11.902 1.6 48
   44.252   11.922 1.4 48
   44.252   11.942 1.2 48
   44.252   11.962 1.2 48
   44.272   11.722 2.1 48
   44.272   11.742 2.1 48
   44.272   11.762 2.0 48
   44.272   11.782 2.0 48
   44.272   11.802 2.0 48
   44.272   11.822 2.0 48
   44.272   11.842 2.1 48
   44.272   11.862 1.9 48
   44.272   11.882 1.9 48
   44.272   11.902 1.5 48
   44.272   11.922 1.3 48
   44.272   11.942 1.0 48
   44.272   11.962 1.0 48
   44.292   11.722 1.8 48
   44.292   11.742 1.8 48
   44.292   11.762 1.9 48
   44.292   11.782 2.1 48
   44.292   11.802 2.2 48
   44.292   11.822 2.2 48
   44.292   11.842 1.8 48
   44.292   11.862 1.6 48
   44.292   11.882 1.6 48
   44.292   11.902 1.3 48
   44.292   11.922 1.1 48
   44.292   11.942 1.2 48
   44.292   11.962 1.2 48
   44.312   11.722 2.1 48
   44.312   11.742 2.1 48
   44.312   11.762 2.2 48
   44.312   11.782 2.2 48
   44.312   11.802 1.8 48
   44.312   11.822 1.8 48
   44.312   11.842 1.4 48
   44.312   11.862 1.2 48
   44.312   11.882 1.2 48
   44.312   11.902 1.2 48
   44.312   11.922 1.1 48
   44.312   11.942 1.1 48
   44.312   11.962 1.1 48
   44.332   11.722 2.3 48
   44.332   11.742 2.3 48
   44.332   11.762 2.0 48
   44.332   11.782 1.7 48
   44.332   11.802 1.4 48
   44.332   11.822 1.4 48
   44.332   11.842 1.2 48
   44.332   11.862 1.2 48
   44.332   11.882 1.2 48
   44.332   11.902 1.1 48
   44.332   11.922 1.1 48
   44.332   11.942 1.0 48
   44.332   11.962 1.0 48
   44.352   11.722 1.9 48
   44.352   11.742 1.9 48
   44.352   11.762 1.6 48
   44.352   11.782 1.4 48
   44.352   11.802 1.3 48
   44.352   11.822 1.3 48
   44.352   11.842 1.1 48
   44.352   11.862 1.1 48
   44.352   11.882 1.1 48
   44.352   11.902 1.0 48
   44.352   11.922 1.0 48
   44.352   11.942 0.9 48
   44.352   11.962 0.9 48
   44.372   11.722 1.7 48
   44.372   11.742 1.7 48
   44.372   11.762 1.4 48
   44.372   11.782 1.3 48
   44.372   11.802 1.2 48
   44.372   11.822 1.2 48
   44.372   11.842 1.1 48
   44.372   11.862 1.0 48
   44.372   11.882 1.0 48
   44.372   11.902 0.9 48
   44.372   11.922 0.8 48
   44.372   11.942 0.8 48
   44.372   11.962 0.8 48
   44.392   11.722 1.4 48
   44.392   11.742 1.4 48
   44.392   11.762 1.2 48
   44.392   11.782 1.2 48
   44.392   11.802 1.1 48
   44.392   11.822 1.1 48
   44.392   11.842 1.0 48
   44.392   11.862 0.9 48
   44.392   11.882 0.9 48
   44.392   11.902 0.8 48
   44.392   11.922 0.8 48
   44.392   11.942 0.8 48
   44.392   11.962 0.8 48
Latitude Longitude Value, endStep
   44.252   11.722 5.2 72
   44.252   11.742 5.2 72
   44.252   11.762 5.1 72
   44.252   11.782 4.9 72
   44.252   11.802 4.7 72
   44.252   11.822 4.7 72
   44.252   11.842 4.5 72
   44.252   11.862 4.1 72
   44.252   11.882 4.1 72
   44.252   11.902 4.0 72
   44.252   11.922 3.8 72
   44.252   11.942 3.7 72
   44.252   11.962 3.7 72
   44.272   11.722 5.1 72
   44.272   11.742 5.1 72
   44.272   11.762 4.9 72
   44.272   11.782 4.6 72
   44.272   11.802 4.4 72
   44.272   11.822 4.4 72
   44.272   11.842 4.1 72
   44.272   11.862 4.0 72
   44.272   11.882 4.0 72
   44.272   11.902 3.9 72
   44.272   11.922 3.9 72
   44.272   11.942 3.8 72
   44.272   11.962 3.8 72
   44.292   11.722 5.0 72
   44.292   11.742 5.0 72
   44.292   11.762 4.7 72
   44.292   11.782 4.3 72
   44.292   11.802 4.1 72
   44.292   11.822 4.1 72
   44.292   11.842 3.9 72
   44.292   11.862 4.0 72
   44.292   11.882 4.0 72
   44.292   11.902 3.8 72
   44.292   11.922 3.8 72
   44.292   11.942 3.7 72
   44.292   11.962 3.7 72
   44.312   11.722 4.7 72
   44.312   11.742 4.7 72
   44.312   11.762 4.3 72
   44.312   11.782 4.1 72
   44.312   11.802 3.8 72
   44.312   11.822 3.8 72
   44.312   11.842 3.7 72
   44.312   11.862 3.7 72
   44.312   11.882 3.7 72
   44.312   11.902 3.7 72
   44.312   11.922 3.8 72
   44.312   11.942 3.7 72
   44.312   11.962 3.7 72
   44.332   11.722 4.4 72
   44.332   11.742 4.4 72
   44.332   11.762 4.1 72
   44.332   11.782 4.0 72
   44.332   11.802 3.9 72
   44.332   11.822 3.9 72
   44.332   11.842 3.8 72
   44.332   11.862 3.7 72
   44.332   11.882 3.7 72
   44.332   11.902 3.8 72
   44.332   11.922 3.7 72
   44.332   11.942 3.7 72
   44.332   11.962 3.7 72
   44.352   11.722 4.3 72
   44.352   11.742 4.3 72
   44.352   11.762 4.0 72
   44.352   11.782 4.0 72
   44.352   11.802 3.9 72
   44.352   11.822 3.9 72
   44.352   11.842 3.8 72
   44.352   11.862 3.7 72
   44.352   11.882 3.7 72
   44.352   11.902 3.7 72
   44.352   11.922 3.7 72
   44.352   11.942 3.7 72
   44.352   11.962 3.7 72
   44.372   11.722 4.2 72
   44.372   11.742 4.2 72
   44.372   11.762 3.9 72
   44.372   11.782 3.8 72
   44.372   11.802 3.6 72
   44.372   11.822 3.6 72
   44.372   11.842 3.6 72
   44.372   11.862 3.6 72
   44.372   11.882 3.6 72
   44.372   11.902 3.7 72
   44.372   11.922 3.7 72
   44.372   11.942 3.6 72
   44.372   11.962 3.6 72
   44.392   11.722 3.9 72
   44.392   11.742 3.9 72
   44.392   11.762 3.7 72
   44.392   11.782 3.6 72
   44.392   11.802 3.5 72
   44.392   11.822 3.5 72
   44.392   11.842 3.5 72
   44.392   11.862 3.5 72
   44.392   11.882 3.5 72
   44.392   11.902 3.5 72
   44.392   11.922 3.5 72
   44.392   11.942 3.5 72
   44.392   11.962 3.5 72
Latitude Longitude Value, endStep
   44.252   11.722 3.1 96
   44.252   11.742 3.1 96
   44.252   11.762 3.0 96
   44.252   11.782 2.9 96
   44.252   11.802 2.8 96
   44.252   11.822 2.8 96
   44.252   11.842 2.7 96
   44.252   11.862 2.5 96
   44.252   11.882 2.5 96
   44.252   11.902 2.2 96
   44.252   11.922 1.8 96
   44.252   11.942 1.6 96
   44.252   11.962 1.6 96
   44.272   11.722 2.9 96
   44.272   11.742 2.9 96
   44.272   11.762 2.8 96
   44.272   11.782 2.6 96
   44.272   11.802 2.5 96
   44.272   11.822 2.5 96
   44.272   11.842 2.4 96
   44.272   11.862 2.2 96
   44.272   11.882 2.2 96
   44.272   11.902 2.0 96
   44.272   11.922 1.6 96
   44.272   11.942 1.4 96
   44.272   11.962 1.4 96
   44.292   11.722 2.7 96
   44.292   11.742 2.7 96
   44.292   11.762 2.5 96
   44.292   11.782 2.1 96
   44.292   11.802 2.0 96
   44.292   11.822 2.0 96
   44.292   11.842 2.0 96
   44.292   11.862 1.9 96
   44.292   11.882 1.9 96
   44.292   11.902 1.5 96
   44.292   11.922 1.3 96
   44.292   11.942 1.3 96
   44.292   11.962 1.3 96
   44.312   11.722 2.4 96
   44.312   11.742 2.4 96
   44.312   11.762 2.1 96
   44.312   11.782 1.9 96
   44.312   11.802 1.7 96
   44.312   11.822 1.7 96
   44.312   11.842 1.6 96
   44.312   11.862 1.5 96
   44.312   11.882 1.5 96
   44.312   11.902 1.3 96
   44.312   11.922 1.1 96
   44.312   11.942 1.0 96
   44.312   11.962 1.0 96
   44.332   11.722 2.1 96
   44.332   11.742 2.1 96
   44.332   11.762 1.9 96
   44.332   11.782 1.7 96
   44.332   11.802 1.6 96
   44.332   11.822 1.6 96
   44.332   11.842 1.5 96
   44.332   11.862 1.4 96
   44.332   11.882 1.4 96
   44.332   11.902 1.3 96
   44.332   11.922 1.1 96
   44.332   11.942 1.0 96
   44.332   11.962 1.0 96
   44.352   11.722 1.9 96
   44.352   11.742 1.9 96
   44.352   11.762 1.7 96
   44.352   11.782 1.6 96
   44.352   11.802 1.6 96
   44.352   11.822 1.6 96
   44.352   11.842 1.5 96
   44.352   11.862 1.4 96
   44.352   11.882 1.4 96
   44.352   11.902 1.3 96
   44.352   11.922 1.3 96
   44.352   11.942 1.1 96
   44.352   11.962 1.1 96
   44.372   11.722 1.8 96
   44.372   11.742 1.8 96
   44.372   11.762 1.5 96
   44.372   11.782 1.5 96
   44.372   11.802 1.4 96
   44.372   11.822 1.4 96
   44.372   11.842 1.4 96
   44.372   11.862 1.4 96
   44.372   11.882 1.4 96
   44.372   11.902 1.3 96
   44.372   11.922 1.2 96
   44.372   11.942 1.2 96
   44.372   11.962 1.2 96
   44.392   11.722 1.5 96
   44.392   11.742 1.5 96
   44.392   11.762 1.5 96
   44.392   11.782 1.5 96
   44.392   11.802 1.5 96
   44.392   11.822 1.5 96
   44.392   11.842 1.4 96
   44.392   11.862 1.3 96
   44.392   11.882 1.3 96
   44.392   11.902 1.2 96
   44.392   11.922 1.2 96
   44.392   11.942 1.2 96
   44.392   11.962 1.2 96
Latitude Longitude Value, endStep
   44.252   11.722 1.5 120
   44.252   11.742 1.5 120
   44.252   11.762 1.5 120
   44.252   11.782 1.5 120
   44.252   11.802 1.5 120
   44.252   11.822 1.5 120
   44.252   11.842 1.4 120
   44.252   11.862 1.2 120
   44.252   11.882 1.2 120
   44.252   11.902 1.1 120
   44.252   11.922 1.1 120
   44.252   11.942 1.0 120
   44.252   11.962 1.0 120
   44.272   11.722 1.3 120
   44.272   11.742 1.3 120
   44.272   11.762 1.3 120
   44.272   11.782 1.4 120
   44.272   11.802 1.4 120
   44.272   11.822 1.4 120
   44.272   11.842 1.3 120
   44.272   11.862 1.1 120
   44.272   11.882 1.1 120
   44.272   11.902 1.0 120
   44.272   11.922 1.0 120
   44.272   11.942 0.9 120
   44.272   11.962 0.9 120
   44.292   11.722 1.2 120
   44.292   11.742 1.2 120
   44.292   11.762 1.3 120
   44.292   11.782 1.3 120
   44.292   11.802 1.2 120
   44.292   11.822 1.2 120
   44.292   11.842 1.1 120
   44.292   11.862 1.0 120
   44.292   11.882 1.0 120
   44.292   11.902 0.9 120
   44.292   11.922 0.9 120
   44.292   11.942 1.0 120
   44.292   11.962 1.0 120
   44.312   11.722 1.3 120
   44.312   11.742 1.3 120
   44.312   11.762 1.3 120
   44.312   11.782 1.2 120
   44.312   11.802 1.0 120
   44.312   11.822 1.0 120
   44.312   11.842 0.9 120
   44.312   11.862 0.7 120
   44.312   11.882 0.7 120
   44.312   11.902 0.8 120
   44.312   11.922 0.8 120
   44.312   11.942 0.8 120
   44.312   11.962 0.8 120
   44.332   11.722 1.2 120
   44.332   11.742 1.2 120
   44.332   11.762 1.1 120
   44.332   11.782 1.0 120
   44.332   11.802 0.7 120
   44.332   11.822 0.7 120
   44.332   11.842 0.7 120
   44.332   11.862 0.6 120
   44.332   11.882 0.6 120
   44.332   11.902 0.7 120
   44.332   11.922 0.8 120
   44.332   11.942 0.8 120
   44.332   11.962 0.8 120
   44.352   11.722 1.0 120
   44.352   11.742 1.0 120
   44.352   11.762 0.7 120
   44.352   11.782 0.6 120
   44.352   11.802 0.5 120
   44.352   11.822 0.5 120
   44.352   11.842 0.5 120
   44.352   11.862 0.5 120
   44.352   11.882 0.5 120
   44.352   11.902 0.6 120
   44.352   11.922 0.7 120
   44.352   11.942 0.8 120
   44.352   11.962 0.8 120
   44.372   11.722 0.6 120
   44.372   11.742 0.6 120
   44.372   11.762 0.4 120
   44.372   11.782 0.5 120
   44.372   11.802 0.5 120
   44.372   11.822 0.5 120
   44.372   11.842 0.5 120
   44.372   11.862 0.5 120
   44.372   11.882 0.5 120
   44.372   11.902 0.6 120
   44.372   11.922 0.7 120
   44.372   11.942 0.8 120
   44.372   11.962 0.8 120
   44.392   11.722 0.4 120
   44.392   11.742 0.4 120
   44.392   11.762 0.3 120
   44.392   11.782 0.4 120
   44.392   11.802 0.5 120
   44.392   11.822 0.5 120
   44.392   11.842 0.5 120
   44.392   11.862 0.5 120
   44.392   11.882 0.5 120
   44.392   11.902 0.6 120
   44.392   11.922 0.7 120
   44.392   11.942 0.8 120
   44.392   11.962 0.8 120
Latitude Longitude Value, endStep
   44.252   11.722 2.1 144
   44.252   11.742 2.1 144
   44.252   11.762 1.9 144
   44.252   11.782 1.8 144
   44.252   11.802 1.6 144
   44.252   11.822 1.6 144
   44.252   11.842 1.4 144
   44.252   11.862 1.2 144
   44.252   11.882 1.2 144
   44.252   11.902 1.1 144
   44.252   11.922 0.9 144
   44.252   11.942 0.8 144
   44.252   11.962 0.8 144
   44.272   11.722 1.8 144
   44.272   11.742 1.8 144
   44.272   11.762 1.7 144
   44.272   11.782 1.7 144
   44.272   11.802 1.6 144
   44.272   11.822 1.6 144
   44.272   11.842 1.4 144
   44.272   11.862 1.1 144
   44.272   11.882 1.1 144
   44.272   11.902 0.9 144
   44.272   11.922 0.7 144
   44.272   11.942 0.6 144
   44.272   11.962 0.6 144
   44.292   11.722 1.7 144
   44.292   11.742 1.7 144
   44.292   11.762 1.7 144
   44.292   11.782 1.7 144
   44.292   11.802 1.6 144
   44.292   11.822 1.6 144
   44.292   11.842 1.2 144
   44.292   11.862 1.0 144
   44.292   11.882 1.0 144
   44.292   11.902 0.8 144
   44.292   11.922 0.6 144
   44.292   11.942 0.5 144
   44.292   11.962 0.5 144
   44.312   11.722 1.6 144
   44.312   11.742 1.6 144
   44.312   11.762 1.7 144
   44.312   11.782 1.5 144
   44.312   11.802 1.1 144
   44.312   11.822 1.1 144
   44.312   11.842 0.8 144
   44.312   11.862 0.7 144
   44.312   11.882 0.7 144
   44.312   11.902 0.6 144
   44.312   11.922 0.5 144
   44.312   11.942 0.5 144
   44.312   11.962 0.5 144
   44.332   11.722 1.4 144
   44.332   11.742 1.4 144
   44.332   11.762 1.3 144
   44.332   11.782 1.0 144
   44.332   11.802 0.7 144
   44.332   11.822 0.7 144
   44.332   11.842 0.6 144
   44.332   11.862 0.5 144
   44.332   11.882 0.5 144
   44.332   11.902 0.5 144
   44.332   11.922 0.4 144
   44.332   11.942 0.4 144
   44.332   11.962 0.4 144
   44.352   11.722 1.4 144
   44.352   11.742 1.4 144
   44.352   11.762 1.0 144
   44.352   11.782 0.8 144
   44.352   11.802 0.6 144
   44.352   11.822 0.6 144
   44.352   11.842 0.5 144
   44.352   11.862 0.4 144
   44.352   11.882 0.4 144
   44.352   11.902 0.4 144
   44.352   11.922 0.4 144
   44.352   11.942 0.4 144
   44.352   11.962 0.4 144
   44.372   11.722 1.0 144
   44.372   11.742 1.0 144
   44.372   11.762 0.7 144
   44.372   11.782 0.6 144
   44.372   11.802 0.5 144
   44.372   11.822 0.5 144
   44.372   11.842 0.4 144
   44.372   11.862 0.4 144
   44.372   11.882 0.4 144
   44.372   11.902 0.4 144
   44.372   11.922 0.3 144
   44.372   11.942 0.3 144
   44.372   11.962 0.3 144
   44.392   11.722 0.6 144
   44.392   11.742 0.6 144
   44.392   11.762 0.5 144
   44.392   11.782 0.4 144
   44.392   11.802 0.4 144
   44.392   11.822 0.4 144
   44.392   11.842 0.3 144
   44.392   11.862 0.3 144
   44.392   11.882 0.3 144
   44.392   11.902 0.3 144
   44.392   11.922 0.2 144
   44.392   11.942 0.2 144
   44.392   11.962 0.2 144
Latitude Longitude Value, endStep
   44.252   11.722 1.1 168
   44.252   11.742 1.1 168
   44.252   11.762 0.9 168
   44.252   11.782 0.8 168
   44.252   11.802 0.9 168
   44.252   11.822 0.9 168
   44.252   11.842 1.1 168
   44.252   11.862 1.4 168
   44.252   11.882 1.4 168
   44.252   11.902 1.4 168
   44.252   11.922 1.4 168
   44.252   11.942 1.4 168
   44.252   11.962 1.4 168
   44.272   11.722 1.0 168
   44.272   11.742 1.0 168
   44.272   11.762 0.8 168
   44.272   11.782 0.6 168
   44.272   11.802 0.9 168
   44.272   11.822 0.9 168
   44.272   11.842 1.4 168
   44.272   11.862 1.3 168
   44.272   11.882 1.3 168
   44.272   11.902 1.3 168
   44.272   11.922 1.3 168
   44.272   11.942 1.4 168
   44.272   11.962 1.4 168
   44.292   11.722 0.9 168
   44.292   11.742 0.9 168
   44.292   11.762 0.7 168
   44.292   11.782 0.7 168
   44.292   11.802 1.2 168
   44.292   11.822 1.2 168
   44.292   11.842 1.3 168
   44.292   11.862 1.3 168
   44.292   11.882 1.3 168
   44.292   11.902 1.3 168
   44.292   11.922 1.3 168
   44.292   11.942 1.3 168
   44.292   11.962 1.3 168
   44.312   11.722 0.7 168
   44.312   11.742 0.7 168
   44.312   11.762 0.7 168
   44.312   11.782 1.0 168
   44.312   11.802 1.3 168
   44.312   11.822 1.3 168
   44.312   11.842 1.3 168
   44.312   11.862 1.3 168
   44.312   11.882 1.3 168
   44.312   11.902 1.3 168
   44.312   11.922 1.2 168
   44.312   11.942 1.2 168
   44.312   11.962 1.2 168
   44.332   11.722 0.7 168
   44.332   11.742 0.7 168
   44.332   11.762 0.8 168
   44.332   11.782 1.1 168
   44.332   11.802 1.3 168
   44.332   11.822 1.3 168
   44.332   11.842 1.3 168
   44.332   11.862 1.2 168
   44.332   11.882 1.2 168
   44.332   11.902 1.2 168
   44.332   11.922 1.1 168
   44.332   11.942 0.9 168
   44.332   11.962 0.9 168
   44.352   11.722 0.8 168
   44.352   11.742 0.8 168
   44.352   11.762 1.0 168
   44.352   11.782 1.3 168
   44.352   11.802 1.3 168
   44.352   11.822 1.3 168
   44.352   11.842 1.2 168
   44.352   11.862 1.1 168
   44.352   11.882 1.1 168
   44.352   11.902 1.0 168
   44.352   11.922 0.8 168
   44.352   11.942 0.6 168
   44.352   11.962 0.6 168
   44.372   11.722 1.1 168
   44.372   11.742 1.1 168
   44.372   11.762 1.2 168
   44.372   11.782 1.3 168
   44.372   11.802 1.2 168
   44.372   11.822 1.2 168
   44.372   11.842 1.0 168
   44.372   11.862 0.8 168
   44.372   11.882 0.8 168
   44.372   11.902 0.6 168
   44.372   11.922 0.5 168
   44.372   11.942 0.4 168
   44.372   11.962 0.4 168
   44.392   11.722 1.2 168
   44.392   11.742 1.2 168
   44.392   11.762 1.3 168
   44.392   11.782 1.2 168
   44.392   11.802 1.0 168
   44.392   11.822 1.0 168
   44.392   11.842 0.9 168
   44.392   11.862 0.7 168
   44.392   11.882 0.7 168
   44.392   11.902 0.6 168
   44.392   11.922 0.5 168
   44.392   11.942 0.4 168
   44.392   11.962 0.4 168
Latitude Longitude Value, endStep
   44.252   11.722 3.1 192
   44.252   11.742 3.1 192
   44.252   11.762 2.9 192
   44.252   11.782 2.6 192
   44.252   11.802 2.5 192
   44.252   11.822 2.5 192
   44.252   11.842 2.3 192
   44.252   11.862 2.0 192
   44.252   11.882 2.0 192
   44.252   11.902 1.8 192
   44.252   11.922 1.6 192
   44.252   11.942 1.6 192
   44.252   11.962 1.6 192
   44.272   11.722 3.1 192
   44.272   11.742 3.1 192
   44.272   11.762 2.9 192
   44.272   11.782 2.9 192
   44.272   11.802 2.5 192
   44.272   11.822 2.5 192
   44.272   11.842 2.4 192
   44.272   11.862 2.0 192
   44.272   11.882 2.0 192
   44.272   11.902 1.9 192
   44.272   11.922 1.6 192
   44.272   11.942 1.2 192
   44.272   11.962 1.2 192
   44.292   11.722 2.8 192
   44.292   11.742 2.8 192
   44.292   11.762 2.9 192
   44.292   11.782 2.6 192
   44.292   11.802 2.3 192
   44.292   11.822 2.3 192
   44.292   11.842 2.2 192
   44.292   11.862 2.2 192
   44.292   11.882 2.2 192
   44.292   11.902 1.9 192
   44.292   11.922 1.5 192
   44.292   11.942 1.4 192
   44.292   11.962 1.4 192
   44.312   11.722 2.8 192
   44.312   11.742 2.8 192
   44.312   11.762 2.6 192
   44.312   11.782 2.3 192
   44.312   11.802 2.0 192
   44.312   11.822 2.0 192
   44.312   11.842 1.8 192
   44.312   11.862 1.8 192
   44.312   11.882 1.8 192
   44.312   11.902 1.8 192
   44.312   11.922 1.6 192
   44.312   11.942 1.4 192
   44.312   11.962 1.4 192
   44.332   11.722 2.3 192
   44.332   11.742 2.3 192
   44.332   11.762 2.2 192
   44.332   11.782 1.9 192
   44.332   11.802 1.7 192
   44.332   11.822 1.7 192
   44.332   11.842 1.6 192
   44.332   11.862 1.5 192
   44.332   11.882 1.5 192
   44.332   11.902 1.5 192
   44.332   11.922 1.5 192
   44.332   11.942 1.3 192
   44.332   11.962 1.3 192
   44.352   11.722 2.2 192
   44.352   11.742 2.2 192
   44.352   11.762 1.9 192
   44.352   11.782 1.7 192
   44.352   11.802 1.6 192
   44.352   11.822 1.6 192
   44.352   11.842 1.5 192
   44.352   11.862 1.4 192
   44.352   11.882 1.4 192
   44.352   11.902 1.4 192
   44.352   11.922 1.3 192
   44.352   11.942 1.2 192
   44.352   11.962 1.2 192
   44.372   11.722 2.0 192
   44.372   11.742 2.0 192
   44.372   11.762 1.7 192
   44.372   11.782 1.6 192
   44.372   11.802 1.6 192
   44.372   11.822 1.6 192
   44.372   11.842 1.6 192
   44.372   11.862 1.4 192
   44.372   11.882 1.4 192
   44.372   11.902 1.3 192
   44.372   11.922 1.2 192
   44.372   11.942 1.1 192
   44.372   11.962 1.1 192
   44.392   11.722 1.7 192
   44.392   11.742 1.7 192
   44.392   11.762 1.6 192
   44.392   11.782 1.5 192
   44.392   11.802 1.4 192
   44.392   11.822 1.4 192
   44.392   11.842 1.3 192
   44.392   11.862 1.2 192
   44.392   11.882 1.2 192
   44.392   11.902 1.2 192
   44.392   11.922 1.2 192
   44.392   11.942 1.1 192
   44.392   11.962 1.1 192
Latitude Longitude Value, endStep
   44.252   11.722 2.3 216
   44.252   11.742 2.3 216
   44.252   11.762 2.5 216
   44.252   11.782 2.1 216
   44.252   11.802 2.1 216
   44.252   11.822 2.1 216
   44.252   11.842 2.1 216
   44.252   11.862 1.9 216
   44.252   11.882 1.9 216
   44.252   11.902 2.3 216
   44.252   11.922 2.4 216
   44.252   11.942 2.7 216
   44.252   11.962 2.7 216
   44.272   11.722 2.6 216
   44.272   11.742 2.6 216
   44.272   11.762 2.3 216
   44.272   11.782 2.2 216
   44.272   11.802 2.2 216
   44.272   11.822 2.2 216
   44.272   11.842 2.3 216
   44.272   11.862 2.4 216
   44.272   11.882 2.4 216
   44.272   11.902 2.5 216
   44.272   11.922 2.6 216
   44.272   11.942 2.3 216
   44.272   11.962 2.3 216
   44.292   11.722 2.7 216
   44.292   11.742 2.7 216
   44.292   11.762 2.6 216
   44.292   11.782 2.5 216
   44.292   11.802 2.3 216
   44.292   11.822 2.3 216
   44.292   11.842 2.5 216
   44.292   11.862 2.6 216
   44.292   11.882 2.6 216
   44.292   11.902 2.5 216
   44.292   11.922 2.3 216
   44.292   11.942 2.3 216
   44.292   11.962 2.3 216
   44.312   11.722 2.6 216
   44.312   11.742 2.6 216
   44.312   11.762 2.6 216
   44.312   11.782 2.5 216
   44.312   11.802 2.4 216
   44.312   11.822 2.4 216
   44.312   11.842 2.4 216
   44.312   11.862 2.4 216
   44.312   11.882 2.4 216
   44.312   11.902 2.6 216
   44.312   11.922 2.5 216
   44.312   11.942 2.3 216
   44.312   11.962 2.3 216
   44.332   11.722 2.6 216
   44.332   11.742 2.6 216
   44.332   11.762 2.5 216
   44.332   11.782 2.5 216
   44.332   11.802 2.5 216
   44.332   11.822 2.5 216
   44.332   11.842 2.6 216
   44.332   11.862 2.4 216
   44.332   11.882 2.4 216
   44.332   11.902 2.4 216
   44.332   11.922 2.5 216
   44.332   11.942 2.5 216
   44.332   11.962 2.5 216
   44.352   11.722 2.8 216
   44.352   11.742 2.8 216
   44.352   11.762 2.4 216
   44.352   11.782 2.5 216
   44.352   11.802 2.5 216
   44.352   11.822 2.5 216
   44.352   11.842 2.8 216
   44.352   11.862 2.7 216
   44.352   11.882 2.7 216
   44.352   11.902 2.6 216
   44.352   11.922 2.6 216
   44.352   11.942 2.6 216
   44.352   11.962 2.6 216
   44.372   11.722 2.7 216
   44.372   11.742 2.7 216
   44.372   11.762 2.3 216
   44.372   11.782 2.5 216
   44.372   11.802 2.6 216
   44.372   11.822 2.6 216
   44.372   11.842 2.5 216
   44.372   11.862 2.5 216
   44.372   11.882 2.5 216
   44.372   11.902 2.5 216
   44.372   11.922 2.5 216
   44.372   11.942 2.4 216
   44.372   11.962 2.4 216
   44.392   11.722 2.4 216
   44.392   11.742 2.4 216
   44.392   11.762 2.3 216
   44.392   11.782 2.4 216
   44.392   11.802 2.5 216
   44.392   11.822 2.5 216
   44.392   11.842 2.4 216
   44.392   11.862 2.4 216
   44.392   11.882 2.4 216
   44.392   11.902 2.3 216
   44.392   11.922 2.4 216
   44.392   11.942 2.4 216
   44.392   11.962 2.4 216
Latitude Longitude Value, endStep
   44.252   11.722 2.7 240
   44.252   11.742 2.7 240
   44.252   11.762 2.5 240
   44.252   11.782 2.3 240
   44.252   11.802 2.3 240
   44.252   11.822 2.3 240
   44.252   11.842 2.3 240
   44.252   11.862 2.3 240
   44.252   11.882 2.3 240
   44.252   11.902 2.4 240
   44.252   11.922 2.4 240
   44.252   11.942 2.4 240
   44.252   11.962 2.4 240
   44.272   11.722 2.6 240
   44.272   11.742 2.6 240
   44.272   11.762 2.4 240
   44.272   11.782 2.5 240
   44.272   11.802 2.5 240
   44.272   11.822 2.5 240
   44.272   11.842 2.5 240
   44.272   11.862 2.3 240
   44.272   11.882 2.3 240
   44.272   11.902 2.3 240
   44.272   11.922 2.2 240
   44.272   11.942 2.2 240
   44.272   11.962 2.2 240
   44.292   11.722 2.6 240
   44.292   11.742 2.6 240
   44.292   11.762 2.5 240
   44.292   11.782 2.6 240
   44.292   11.802 2.7 240
   44.292   11.822 2.7 240
   44.292   11.842 2.3 240
   44.292   11.862 2.3 240
   44.292   11.882 2.3 240
   44.292   11.902 2.1 240
   44.292   11.922 2.0 240
   44.292   11.942 2.0 240
   44.292   11.962 2.0 240
   44.312   11.722 2.6 240
   44.312   11.742 2.6 240
   44.312   11.762 2.8 240
   44.312   11.782 2.6 240
   44.312   11.802 2.4 240
   44.312   11.822 2.4 240
   44.312   11.842 2.2 240
   44.312   11.862 2.1 240
   44.312   11.882 2.1 240
   44.312   11.902 2.0 240
   44.312   11.922 1.9 240
   44.312   11.942 2.0 240
   44.312   11.962 2.0 240
   44.332   11.722 2.6 240
   44.332   11.742 2.6 240
   44.332   11.762 2.5 240
   44.332   11.782 2.4 240
   44.332   11.802 2.4 240
   44.332   11.822 2.4 240
   44.332   11.842 2.3 240
   44.332   11.862 2.1 240
   44.332   11.882 2.1 240
   44.332   11.902 1.9 240
   44.332   11.922 1.9 240
   44.332   11.942 2.0 240
   44.332   11.962 2.0 240
   44.352   11.722 2.5 240
   44.352   11.742 2.5 240
   44.352   11.762 2.5 240
   44.352   11.782 2.6 240
   44.352   11.802 2.5 240
   44.352   11.822 2.5 240
   44.352   11.842 2.4 240
   44.352   11.862 2.1 240
   44.352   11.882 2.1 240
   44.352   11.902 1.9 240
   44.352   11.922 2.0 240
   44.352   11.942 1.9 240
   44.352   11.962 1.9 240
   44.372   11.722 2.9 240
   44.372   11.742 2.9 240
   44.372   11.762 2.5 240
   44.372   11.782 2.5 240
   44.372   11.802 2.5 240
   44.372   11.822 2.5 240
   44.372   11.842 2.4 240
   44.372   11.862 2.1 240
   44.372   11.882 2.1 240
   44.372   11.902 1.9 240
   44.372   11.922 1.9 240
   44.372   11.942 1.9 240
   44.372   11.962 1.9 240
   44.392   11.722 2.7 240
   44.392   11.742 2.7 240
   44.392   11.762 2.5 240
   44.392   11.782 2.4 240
   44.392   11.802 2.3 240
   44.392   11.822 2.3 240
   44.392   11.842 2.2 240
   44.392   11.862 2.0 240
   44.392   11.882 2.0 240
   44.392   11.902 1.9 240
   44.392   11.922 1.9 240
   44.392   11.942 1.8 240
   44.392   11.962 1.8 240
Latitude Longitude Value, endStep
   44.252   11.722 1.5 264
   44.252   11.742 1.5 264
   44.252   11.762 1.4 264
   44.252   11.782 1.4 264
   44.252   11.802 1.4 264
   44.252   11.822 1.4 264
   44.252   11.842 1.3 264
   44.252   11.862 1.3 264
   44.252   11.882 1.3 264
   44.252   11.902 1.2 264
   44.252   11.922 1.2 264
   44.252   11.942 1.1 264
   44.252   11.962 1.1 264
   44.272   11.722 1.3 264
   44.272   11.742 1.3 264
   44.272   11.762 1.3 264
   44.272   11.782 1.3 264
   44.272   11.802 1.4 264
   44.272   11.822 1.4 264
   44.272   11.842 1.4 264
   44.272   11.862 1.3 264
   44.272   11.882 1.3 264
   44.272   11.902 1.1 264
   44.272   11.922 1.0 264
   44.272   11.942 0.8 264
   44.272   11.962 0.8 264
   44.292   11.722 1.2 264
   44.292   11.742 1.2 264
   44.292   11.762 1.3 264
   44.292   11.782 1.3 264
   44.292   11.802 1.3 264
   44.292   11.822 1.3 264
   44.292   11.842 1.0 264
   44.292   11.862 1.0 264
   44.292   11.882 1.0 264
   44.292   11.902 0.8 264
   44.292   11.922 0.6 264
   44.292   11.942 0.5 264
   44.292   11.962 0.5 264
   44.312   11.722 1.3 264
   44.312   11.742 1.3 264
   44.312   11.762 1.4 264
   44.312   11.782 1.1 264
   44.312   11.802 0.9 264
   44.312   11.822 0.9 264
   44.312   11.842 0.7 264
   44.312   11.862 0.6 264
   44.312   11.882 0.6 264
   44.312   11.902 0.5 264
   44.312   11.922 0.4 264
   44.312   11.942 0.3 264
   44.312   11.962 0.3 264
   44.332   11.722 1.2 264
   44.332   11.742 1.2 264
   44.332   11.762 1.1 264
   44.332   11.782 0.9 264
   44.332   11.802 0.7 264
   44.332   11.822 0.7 264
   44.332   11.842 0.6 264
   44.332   11.862 0.5 264
   44.332   11.882 0.5 264
   44.332   11.902 0.4 264
   44.332   11.922 0.4 264
   44.332   11.942 0.3 264
   44.332   11.962 0.3 264
   44.352   11.722 1.0 264
   44.352   11.742 1.0 264
   44.352   11.762 0.8 264
   44.352   11.782 0.7 264
   44.352   11.802 0.6 264
   44.352   11.822 0.6 264
   44.352   11.842 0.5 264
   44.352   11.862 0.4 264
   44.352   11.882 0.4 264
   44.352   11.902 0.3 264
   44.352   11.922 0.3 264
   44.352   11.942 0.2 264
   44.352   11.962 0.2 264
   44.372   11.722 0.9 264
   44.372   11.742 0.9 264
   44.372   11.762 0.6 264
   44.372   11.782 0.5 264
   44.372   11.802 0.4 264
   44.372   11.822 0.4 264
   44.372   11.842 0.4 264
   44.372   11.862 0.3 264
   44.372   11.882 0.3 264
   44.372   11.902 0.2 264
   44.372   11.922 0.2 264
   44.372   11.942 0.1 264
   44.372   11.962 0.1 264
   44.392   11.722 0.7 264
   44.392   11.742 0.7 264
   44.392   11.762 0.5 264
   44.392   11.782 0.4 264
   44.392   11.802 0.3 264
   44.392   11.822 0.3 264
   44.392   11.842 0.3 264
   44.392   11.862 0.3 264
   44.392   11.882 0.3 264
   44.392   11.902 0.2 264
   44.392   11.922 0.2 264
   44.392   11.942 0.1 264
   44.392   11.962 0.1 264
Latitude Longitude Value, endStep
   44.252   11.722 1.2 288
   44.252   11.742 1.2 288
   44.252   11.762 1.0 288
   44.252   11.782 1.0 288
   44.252   11.802 1.0 288
   44.252   11.822 1.0 288
   44.252   11.842 1.0 288
   44.252   11.862 1.0 288
   44.252   11.882 1.0 288
   44.252   11.902 1.1 288
   44.252   11.922 1.2 288
   44.252   11.942 1.2 288
   44.252   11.962 1.2 288
   44.272   11.722 1.2 288
   44.272   11.742 1.2 288
   44.272   11.762 1.0 288
   44.272   11.782 1.0 288
   44.272   11.802 1.0 288
   44.272   11.822 1.0 288
   44.272   11.842 1.1 288
   44.272   11.862 1.0 288
   44.272   11.882 1.0 288
   44.272   11.902 1.2 288
   44.272   11.922 1.1 288
   44.272   11.942 1.0 288
   44.272   11.962 1.0 288
   44.292   11.722 1.2 288
   44.292   11.742 1.2 288
   44.292   11.762 1.2 288
   44.292   11.782 1.0 288
   44.292   11.802 1.1 288
   44.292   11.822 1.1 288
   44.292   11.842 1.3 288
   44.292   11.862 1.2 288
   44.292   11.882 1.2 288
   44.292   11.902 1.2 288
   44.292   11.922 1.1 288
   44.292   11.942 1.0 288
   44.292   11.962 1.0 288
   44.312   11.722 1.2 288
   44.312   11.742 1.2 288
   44.312   11.762 1.3 288
   44.312   11.782 1.3 288
   44.312   11.802 1.2 288
   44.312   11.822 1.2 288
   44.312   11.842 1.1 288
   44.312   11.862 1.1 288
   44.312   11.882 1.1 288
   44.312   11.902 1.2 288
   44.312   11.922 1.0 288
   44.312   11.942 0.9 288
   44.312   11.962 0.9 288
   44.332   11.722 1.2 288
   44.332   11.742 1.2 288
   44.332   11.762 1.2 288
   44.332   11.782 1.0 288
   44.332   11.802 1.1 288
   44.332   11.822 1.1 288
   44.332   11.842 1.1 288
   44.332   11.862 1.0 288
   44.332   11.882 1.0 288
   44.332   11.902 1.0 288
   44.332   11.922 0.9 288
   44.332   11.942 0.9 288
   44.332   11.962 0.9 288
   44.352   11.722 1.2 288
   44.352   11.742 1.2 288
   44.352   11.762 1.0 288
   44.352   11.782 0.9 288
   44.352   11.802 1.1 288
   44.352   11.822 1.1 288
   44.352   11.842 1.0 288
   44.352   11.862 1.0 288
   44.352   11.882 1.0 288
   44.352   11.902 0.9 288
   44.352   11.922 0.8 288
   44.352   11.942 0.8 288
   44.352   11.962 0.8 288
   44.372   11.722 0.9 288
   44.372   11.742 0.9 288
   44.372   11.762 0.8 288
   44.372   11.782 0.9 288
   44.372   11.802 0.9 288
   44.372   11.822 0.9 288
   44.372   11.842 0.9 288
   44.372   11.862 0.9 288
   44.372   11.882 0.9 288
   44.372   11.902 0.9 288
   44.372   11.922 0.8 288
   44.372   11.942 0.7 288
   44.372   11.962 0.7 288
   44.392   11.722 0.7 288
   44.392   11.742 0.7 288
   44.392   11.762 0.6 288
   44.392   11.782 0.7 288
   44.392   11.802 0.7 288
   44.392   11.822 0.7 288
   44.392   11.842 0.6 288
   44.392   11.862 0.6 288
   44.392   11.882 0.6 288
   44.392   11.902 0.7 288
   44.392   11.922 0.7 288
   44.392   11.942 0.6 288
   44.392   11.962 0.6 288
Latitude Longitude Value, endStep
   44.252   11.722 0.5 312
   44.252   11.742 0.5 312
   44.252   11.762 1.3 312
   44.252   11.782 1.4 312
   44.252   11.802 1.3 312
   44.252   11.822 1.3 312
   44.252   11.842 1.2 312
   44.252   11.862 1.0 312
   44.252   11.882 1.0 312
   44.252   11.902 0.9 312
   44.252   11.922 0.9 312
   44.252   11.942 0.8 312
   44.252   11.962 0.8 312
   44.272   11.722 0.6 312
   44.272   11.742 0.6 312
   44.272   11.762 0.8 312
   44.272   11.782 1.4 312
   44.272   11.802 1.4 312
   44.272   11.822 1.4 312
   44.272   11.842 1.3 312
   44.272   11.862 1.1 312
   44.272   11.882 1.1 312
   44.272   11.902 0.9 312
   44.272   11.922 0.7 312
   44.272   11.942 0.6 312
   44.272   11.962 0.6 312
   44.292   11.722 1.3 312
   44.292   11.742 1.3 312
   44.292   11.762 1.2 312
   44.292   11.782 1.4 312
   44.292   11.802 1.4 312
   44.292   11.822 1.4 312
   44.292   11.842 1.3 312
   44.292   11.862 1.2 312
   44.292   11.882 1.2 312
   44.292   11.902 0.9 312
   44.292   11.922 0.6 312
   44.292   11.942 0.5 312
   44.292   11.962 0.5 312
   44.312   11.722 1.3 312
   44.312   11.742 1.3 312
   44.312   11.762 1.3 312
   44.312   11.782 1.2 312
   44.312   11.802 1.2 312
   44.312   11.822 1.2 312
   44.312   11.842 1.0 312
   44.312   11.862 0.8 312
   44.312   11.882 0.8 312
   44.312   11.902 0.8 312
   44.312   11.922 0.6 312
   44.312   11.942 0.5 312
   44.312   11.962 0.5 312
   44.332   11.722 1.3 312
   44.332   11.742 1.3 312
   44.332   11.762 1.2 312
   44.332   11.782 1.0 312
   44.332   11.802 0.8 312
   44.332   11.822 0.8 312
   44.332   11.842 0.7 312
   44.332   11.862 0.7 312
   44.332   11.882 0.7 312
   44.332   11.902 0.7 312
   44.332   11.922 0.6 312
   44.332   11.942 0.5 312
   44.332   11.962 0.5 312
   44.352   11.722 1.2 312
   44.352   11.742 1.2 312
   44.352   11.762 1.0 312
   44.352   11.782 0.8 312
   44.352   11.802 0.7 312
   44.352   11.822 0.7 312
   44.352   11.842 0.6 312
   44.352   11.862 0.5 312
   44.352   11.882 0.5 312
   44.352   11.902 0.5 312
   44.352   11.922 0.5 312
   44.352   11.942 0.4 312
   44.352   11.962 0.4 312
   44.372   11.722 0.8 312
   44.372   11.742 0.8 312
   44.372   11.762 0.7 312
   44.372   11.782 0.7 312
   44.372   11.802 0.6 312
   44.372   11.822 0.6 312
   44.372   11.842 0.5 312
   44.372   11.862 0.4 312
   44.372   11.882 0.4 312
   44.372   11.902 0.4 312
   44.372   11.922 0.3 312
   44.372   11.942 0.3 312
   44.372   11.962 0.3 312
   44.392   11.722 0.6 312
   44.392   11.742 0.6 312
   44.392   11.762 0.6 312
   44.392   11.782 0.6 312
   44.392   11.802 0.5 312
   44.392   11.822 0.5 312
   44.392   11.842 0.4 312
   44.392   11.862 0.3 312
   44.392   11.882 0.3 312
   44.392   11.902 0.3 312
   44.392   11.922 0.4 312
   44.392   11.942 0.3 312
   44.392   11.962 0.3 312
Latitude Longitude Value, endStep
   44.252   11.722 3.1 336
   44.252   11.742 3.1 336
   44.252   11.762 2.9 336
   44.252   11.782 3.0 336
   44.252   11.802 3.0 336
   44.252   11.822 3.0 336
   44.252   11.842 2.9 336
   44.252   11.862 2.3 336
   44.252   11.882 2.3 336
   44.252   11.902 2.4 336
   44.252   11.922 2.2 336
   44.252   11.942 2.1 336
   44.252   11.962 2.1 336
   44.272   11.722 2.7 336
   44.272   11.742 2.7 336
   44.272   11.762 2.6 336
   44.272   11.782 2.4 336
   44.272   11.802 2.3 336
   44.272   11.822 2.3 336
   44.272   11.842 2.2 336
   44.272   11.862 2.2 336
   44.272   11.882 2.2 336
   44.272   11.902 2.2 336
   44.272   11.922 2.0 336
   44.272   11.942 2.0 336
   44.272   11.962 2.0 336
   44.292   11.722 2.3 336
   44.292   11.742 2.3 336
   44.292   11.762 2.3 336
   44.292   11.782 2.2 336
   44.292   11.802 2.1 336
   44.292   11.822 2.1 336
   44.292   11.842 2.1 336
   44.292   11.862 2.1 336
   44.292   11.882 2.1 336
   44.292   11.902 2.0 336
   44.292   11.922 1.9 336
   44.292   11.942 1.9 336
   44.292   11.962 1.9 336
   44.312   11.722 2.2 336
   44.312   11.742 2.2 336
   44.312   11.762 2.3 336
   44.312   11.782 2.1 336
   44.312   11.802 1.9 336
   44.312   11.822 1.9 336
   44.312   11.842 1.9 336
   44.312   11.862 1.8 336
   44.312   11.882 1.8 336
   44.312   11.902 1.9 336
   44.312   11.922 1.8 336
   44.312   11.942 1.8 336
   44.312   11.962 1.8 336
   44.332   11.722 2.1 336
   44.332   11.742 2.1 336
   44.332   11.762 2.1 336
   44.332   11.782 2.0 336
   44.332   11.802 1.9 336
   44.332   11.822 1.9 336
   44.332   11.842 1.8 336
   44.332   11.862 1.8 336
   44.332   11.882 1.8 336
   44.332   11.902 1.8 336
   44.332   11.922 1.8 336
   44.332   11.942 1.8 336
   44.332   11.962 1.8 336
   44.352   11.722 1.8 336
   44.352   11.742 1.8 336
   44.352   11.762 1.8 336
   44.352   11.782 1.8 336
   44.352   11.802 1.7 336
   44.352   11.822 1.7 336
   44.352   11.842 1.7 336
   44.352   11.862 1.8 336
   44.352   11.882 1.8 336
   44.352   11.902 1.8 336
   44.352   11.922 1.8 336
   44.352   11.942 1.8 336
   44.352   11.962 1.8 336
   44.372   11.722 1.8 336
   44.372   11.742 1.8 336
   44.372   11.762 1.7 336
   44.372   11.782 1.7 336
   44.372   11.802 1.7 336
   44.372   11.822 1.7 336
   44.372   11.842 1.7 336
   44.372   11.862 1.7 336
   44.372   11.882 1.7 336
   44.372   11.902 1.8 336
   44.372   11.922 1.8 336
   44.372   11.942 1.8 336
   44.372   11.962 1.8 336
   44.392   11.722 1.7 336
   44.392   11.742 1.7 336
   44.392   11.762 1.6 336
   44.392   11.782 1.6 336
   44.392   11.802 1.7 336
   44.392   11.822 1.7 336
   44.392   11.842 1.7 336
   44.392   11.862 1.7 336
   44.392   11.882 1.7 336
   44.392   11.902 1.8 336
   44.392   11.922 1.9 336
   44.392   11.942 1.9 336
   44.392   11.962 1.9 336
Latitude Longitude Value, endStep
   44.252   11.722 2.1 360
   44.252   11.742 2.1 360
   44.252   11.762 2.1 360
   44.252   11.782 2.1 360
   44.252   11.802 1.9 360
   44.252   11.822 1.9 360
   44.252   11.842 1.9 360
   44.252   11.862 1.7 360
   44.252   11.882 1.7 360
   44.252   11.902 1.6 360
   44.252   11.922 1.4 360
   44.252   11.942 1.3 360
   44.252   11.962 1.3 360
   44.272   11.722 1.9 360
   44.272   11.742 1.9 360
   44.272   11.762 2.0 360
   44.272   11.782 2.0 360
   44.272   11.802 1.9 360
   44.272   11.822 1.9 360
   44.272   11.842 1.8 360
   44.272   11.862 1.6 360
   44.272   11.882 1.6 360
   44.272   11.902 1.6 360
   44.272   11.922 1.4 360
   44.272   11.942 1.2 360
   44.272   11.962 1.2 360
   44.292   11.722 1.9 360
   44.292   11.742 1.9 360
   44.292   11.762 1.9 360
   44.292   11.782 1.9 360
   44.292   11.802 1.8 360
   44.292   11.822 1.8 360
   44.292   11.842 1.7 360
   44.292   11.862 1.7 360
   44.292   11.882 1.7 360
   44.292   11.902 1.5 360
   44.292   11.922 1.3 360
   44.292   11.942 1.2 360
   44.292   11.962 1.2 360
   44.312   11.722 2.0 360
   44.312   11.742 2.0 360
   44.312   11.762 2.0 360
   44.312   11.782 1.9 360
   44.312   11.802 1.7 360
   44.312   11.822 1.7 360
   44.312   11.842 1.6 360
   44.312   11.862 1.5 360
   44.312   11.882 1.5 360
   44.312   11.902 1.5 360
   44.312   11.922 1.3 360
   44.312   11.942 1.3 360
   44.312   11.962 1.3 360
   44.332   11.722 2.0 360
   44.332   11.742 2.0 360
   44.332   11.762 1.9 360
   44.332   11.782 1.7 360
   44.332   11.802 1.5 360
   44.332   11.822 1.5 360
   44.332   11.842 1.4 360
   44.332   11.862 1.3 360
   44.332   11.882 1.3 360
   44.332   11.902 1.4 360
   44.332   11.922 1.3 360
   44.332   11.942 1.3 360
   44.332   11.962 1.3 360
   44.352   11.722 1.8 360
   44.352   11.742 1.8 360
   44.352   11.762 1.6 360
   44.352   11.782 1.4 360
   44.352   11.802 1.4 360
   44.352   11.822 1.4 360
   44.352   11.842 1.4 360
   44.352   11.862 1.3 360
   44.352   11.882 1.3 360
   44.352   11.902 1.4 360
   44.352   11.922 1.4 360
   44.352   11.942 1.3 360
   44.352   11.962 1.3 360
   44.372   11.722 1.7 360
   44.372   11.742 1.7 360
   44.372   11.762 1.4 360
   44.372   11.782 1.4 360
   44.372   11.802 1.3 360
   44.372   11.822 1.3 360
   44.372   11.842 1.4 360
   44.372   11.862 1.3 360
   44.372   11.882 1.3 360
   44.372   11.902 1.4 360
   44.372   11.922 1.4 360
   44.372   11.942 1.3 360
   44.372   11.962 1.3 360
   44.392   11.722 1.3 360
   44.392   11.742 1.3 360
   44.392   11.762 1.3 360
   44.392   11.782 1.3 360
   44.392   11.802 1.3 360
   44.392   11.822 1.3 360
   44.392   11.842 1.3 360
   44.392   11.862 1.3 360
   44.392   11.882 1.3 360
   44.392   11.902 1.3 360
   44.392   11.922 1.4 360
   44.392   11.942 1.4 360
   44.392   11.962 1.4 360
Latitude Longitude Value, endStep
   44.252   11.722 3.3 384
   44.252   11.742 3.3 384
   44.252   11.762 3.2 384
   44.252   11.782 3.1 384
   44.252   11.802 2.9 384
   44.252   11.822 2.9 384
   44.252   11.842 2.9 384
   44.252   11.862 3.0 384
   44.252   11.882 3.0 384
   44.252   11.902 3.1 384
   44.252   11.922 3.1 384
   44.252   11.942 3.0 384
   44.252   11.962 3.0 384
   44.272   11.722 3.2 384
   44.272   11.742 3.2 384
   44.272   11.762 3.0 384
   44.272   11.782 2.9 384
   44.272   11.802 2.9 384
   44.272   11.822 2.9 384
   44.272   11.842 2.8 384
   44.272   11.862 2.8 384
   44.272   11.882 2.8 384
   44.272   11.902 2.9 384
   44.272   11.922 2.9 384
   44.272   11.942 2.9 384
   44.272   11.962 2.9 384
   44.292   11.722 3.0 384
   44.292   11.742 3.0 384
   44.292   11.762 3.0 384
   44.292   11.782 3.0 384
   44.292   11.802 3.0 384
   44.292   11.822 3.0 384
   44.292   11.842 2.7 384
   44.292   11.862 2.7 384
   44.292   11.882 2.7 384
   44.292   11.902 2.7 384
   44.292   11.922 2.7 384
   44.292   11.942 2.7 384
   44.292   11.962 2.7 384
   44.312   11.722 3.0 384
   44.312   11.742 3.0 384
   44.312   11.762 3.2 384
   44.312   11.782 3.2 384
   44.312   11.802 3.1 384
   44.312   11.822 3.1 384
   44.312   11.842 2.4 384
   44.312   11.862 2.3 384
   44.312   11.882 2.3 384
   44.312   11.902 2.4 384
   44.312   11.922 2.4 384
   44.312   11.942 2.3 384
   44.312   11.962 2.3 384
   44.332   11.722 3.2 384
   44.332   11.742 3.2 384
   44.332   11.762 3.3 384
   44.332   11.782 3.2 384
   44.332   11.802 2.8 384
   44.332   11.822 2.8 384
   44.332   11.842 2.3 384
   44.332   11.862 2.1 384
   44.332   11.882 2.1 384
   44.332   11.902 2.1 384
   44.332   11.922 2.0 384
   44.332   11.942 1.9 384
   44.332   11.962 1.9 384
   44.352   11.722 3.3 384
   44.352   11.742 3.3 384
   44.352   11.762 3.1 384
   44.352   11.782 3.0 384
   44.352   11.802 2.7 384
   44.352   11.822 2.7 384
   44.352   11.842 2.3 384
   44.352   11.862 2.0 384
   44.352   11.882 2.0 384
   44.352   11.902 2.1 384
   44.352   11.922 1.9 384
   44.352   11.942 1.8 384
   44.352   11.962 1.8 384
   44.372   11.722 3.1 384
   44.372   11.742 3.1 384
   44.372   11.762 2.8 384
   44.372   11.782 2.7 384
   44.372   11.802 2.5 384
   44.372   11.822 2.5 384
   44.372   11.842 2.3 384
   44.372   11.862 2.0 384
   44.372   11.882 2.0 384
   44.372   11.902 1.9 384
   44.372   11.922 1.8 384
   44.372   11.942 1.8 384
   44.372   11.962 1.8 384
   44.392   11.722 2.7 384
   44.392   11.742 2.7 384
   44.392   11.762 2.5 384
   44.392   11.782 2.3 384
   44.392   11.802 2.2 384
   44.392   11.822 2.2 384
   44.392   11.842 2.0 384
   44.392   11.862 1.7 384
   44.392   11.882 1.7 384
   44.392   11.902 1.7 384
   44.392   11.922 1.6 384
   44.392   11.942 1.7 384
   44.392   11.962 1.7 384
Latitude Longitude Value, endStep
   44.252   11.722 4.8 408
   44.252   11.742 4.8 408
   44.252   11.762 5.0 408
   44.252   11.782 5.1 408
   44.252   11.802 5.3 408
   44.252   11.822 5.3 408
   44.252   11.842 5.4 408
   44.252   11.862 5.6 408
   44.252   11.882 5.6 408
   44.252   11.902 5.7 408
   44.252   11.922 5.7 408
   44.252   11.942 5.7 408
   44.252   11.962 5.7 408
   44.272   11.722 5.0 408
   44.272   11.742 5.0 408
   44.272   11.762 5.0 408
   44.272   11.782 5.1 408
   44.272   11.802 5.3 408
   44.272   11.822 5.3 408
   44.272   11.842 5.5 408
   44.272   11.862 5.6 408
   44.272   11.882 5.6 408
   44.272   11.902 5.7 408
   44.272   11.922 5.7 408
   44.272   11.942 5.7 408
   44.272   11.962 5.7 408
   44.292   11.722 5.0 408
   44.292   11.742 5.0 408
   44.292   11.762 5.1 408
   44.292   11.782 5.2 408
   44.292   11.802 5.4 408
   44.292   11.822 5.4 408
   44.292   11.842 5.5 408
   44.292   11.862 5.6 408
   44.292   11.882 5.6 408
   44.292   11.902 5.7 408
   44.292   11.922 5.6 408
   44.292   11.942 5.6 408
   44.292   11.962 5.6 408
   44.312   11.722 5.1 408
   44.312   11.742 5.1 408
   44.312   11.762 5.3 408
   44.312   11.782 5.4 408
   44.312   11.802 5.5 408
   44.312   11.822 5.5 408
   44.312   11.842 5.6 408
   44.312   11.862 5.6 408
   44.312   11.882 5.6 408
   44.312   11.902 5.6 408
   44.312   11.922 5.6 408
   44.312   11.942 5.6 408
   44.312   11.962 5.6 408
   44.332   11.722 5.3 408
   44.332   11.742 5.3 408
   44.332   11.762 5.4 408
   44.332   11.782 5.6 408
   44.332   11.802 5.6 408
   44.332   11.822 5.6 408
   44.332   11.842 5.6 408
   44.332   11.862 5.6 408
   44.332   11.882 5.6 408
   44.332   11.902 5.6 408
   44.332   11.922 5.6 408
   44.332   11.942 5.6 408
   44.332   11.962 5.6 408
   44.352   11.722 5.6 408
   44.352   11.742 5.6 408
   44.352   11.762 5.5 408
   44.352   11.782 5.5 408
   44.352   11.802 5.6 408
   44.352   11.822 5.6 408
   44.352   11.842 5.6 408
   44.352   11.862 5.6 408
   44.352   11.882 5.6 408
   44.352   11.902 5.5 408
   44.352   11.922 5.6 408
   44.352   11.942 5.6 408
   44.352   11.962 5.6 408
   44.372   11.722 5.7 408
   44.372   11.742 5.7 408
   44.372   11.762 5.6 408
   44.372   11.782 5.5 408
   44.372   11.802 5.5 408
   44.372   11.822 5.5 408
   44.372   11.842 5.5 408
   44.372   11.862 5.6 408
   44.372   11.882 5.6 408
   44.372   11.902 5.6 408
   44.372   11.922 5.6 408
   44.372   11.942 5.7 408
   44.372   11.962 5.7 408
   44.392   11.722 5.6 408
   44.392   11.742 5.6 408
   44.392   11.762 5.5 408
   44.392   11.782 5.5 408
   44.392   11.802 5.5 408
   44.392   11.822 5.5 408
   44.392   11.842 5.6 408
   44.392   11.862 5.6 408
   44.392   11.882 5.6 408
   44.392   11.902 5.6 408
   44.392   11.922 5.6 408
   44.392   11.942 5.7 408
   44.392   11.962 5.7 408
Latitude Longitude Value, endStep
   44.252   11.722 3.9 432
   44.252   11.742 3.9 432
   44.252   11.762 4.0 432
   44.252   11.782 4.2 432
   44.252   11.802 4.3 432
   44.252   11.822 4.3 432
   44.252   11.842 4.4 432
   44.252   11.862 4.5 432
   44.252   11.882 4.5 432
   44.252   11.902 4.6 432
   44.252   11.922 4.8 432
   44.252   11.942 4.8 432
   44.252   11.962 4.8 432
   44.272   11.722 4.0 432
   44.272   11.742 4.0 432
   44.272   11.762 4.1 432
   44.272   11.782 4.2 432
   44.272   11.802 4.3 432
   44.272   11.822 4.3 432
   44.272   11.842 4.5 432
   44.272   11.862 4.4 432
   44.272   11.882 4.4 432
   44.272   11.902 4.7 432
   44.272   11.922 4.7 432
   44.272   11.942 4.7 432
   44.272   11.962 4.7 432
   44.292   11.722 4.0 432
   44.292   11.742 4.0 432
   44.292   11.762 4.1 432
   44.292   11.782 4.2 432
   44.292   11.802 4.4 432
   44.292   11.822 4.4 432
   44.292   11.842 4.5 432
   44.292   11.862 4.8 432
   44.292   11.882 4.8 432
   44.292   11.902 4.6 432
   44.292   11.922 4.4 432
   44.292   11.942 4.4 432
   44.292   11.962 4.4 432
   44.312   11.722 4.1 432
   44.312   11.742 4.1 432
   44.312   11.762 4.2 432
   44.312   11.782 4.3 432
   44.312   11.802 4.4 432
   44.312   11.822 4.4 432
   44.312   11.842 4.6 432
   44.312   11.862 4.7 432
   44.312   11.882 4.7 432
   44.312   11.902 4.9 432
   44.312   11.922 5.0 432
   44.312   11.942 5.0 432
   44.312   11.962 5.0 432
   44.332   11.722 4.0 432
   44.332   11.742 4.0 432
   44.332   11.762 4.1 432
   44.332   11.782 4.2 432
   44.332   11.802 4.5 432
   44.332   11.822 4.5 432
   44.332   11.842 4.6 432
   44.332   11.862 4.8 432
   44.332   11.882 4.8 432
   44.332   11.902 5.1 432
   44.332   11.922 5.2 432
   44.332   11.942 5.2 432
   44.332   11.962 5.2 432
   44.352   11.722 4.1 432
   44.352   11.742 4.1 432
   44.352   11.762 4.2 432
   44.352   11.782 4.3 432
   44.352   11.802 4.6 432
   44.352   11.822 4.6 432
   44.352   11.842 4.9 432
   44.352   11.862 5.0 432
   44.352   11.882 5.0 432
   44.352   11.902 5.2 432
   44.352   11.922 5.2 432
   44.352   11.942 5.2 432
   44.352   11.962 5.2 432
   44.372   11.722 4.2 432
   44.372   11.742 4.2 432
   44.372   11.762 4.2 432
   44.372   11.782 4.6 432
   44.372   11.802 4.8 432
   44.372   11.822 4.8 432
   44.372   11.842 5.0 432
   44.372   11.862 5.1 432
   44.372   11.882 5.1 432
   44.372   11.902 5.1 432
   44.372   11.922 5.2 432
   44.372   11.942 5.3 432
   44.372   11.962 5.3 432
   44.392   11.722 4.0 432
   44.392   11.742 4.0 432
   44.392   11.762 4.4 432
   44.392   11.782 4.9 432
   44.392   11.802 4.9 432
   44.392   11.822 4.9 432
   44.392   11.842 5.0 432
   44.392   11.862 5.1 432
   44.392   11.882 5.1 432
   44.392   11.902 5.1 432
   44.392   11.922 5.2 432
   44.392   11.942 5.4 432
   44.392   11.962 5.4 432
Latitude Longitude Value, endStep
   44.252   11.722 1.8 456
   44.252   11.742 1.8 456
   44.252   11.762 1.9 456
   44.252   11.782 2.0 456
   44.252   11.802 2.1 456
   44.252   11.822 2.1 456
   44.252   11.842 2.3 456
   44.252   11.862 2.5 456
   44.252   11.882 2.5 456
   44.252   11.902 2.7 456
   44.252   11.922 2.8 456
   44.252   11.942 2.8 456
   44.252   11.962 2.8 456
   44.272   11.722 1.8 456
   44.272   11.742 1.8 456
   44.272   11.762 1.7 456
   44.272   11.782 1.8 456
   44.272   11.802 2.0 456
   44.272   11.822 2.0 456
   44.272   11.842 2.3 456
   44.272   11.862 2.5 456
   44.272   11.882 2.5 456
   44.272   11.902 2.7 456
   44.272   11.922 2.7 456
   44.272   11.942 2.7 456
   44.272   11.962 2.7 456
   44.292   11.722 1.7 456
   44.292   11.742 1.7 456
   44.292   11.762 1.7 456
   44.292   11.782 1.9 456
   44.292   11.802 2.1 456
   44.292   11.822 2.1 456
   44.292   11.842 2.3 456
   44.292   11.862 2.5 456
   44.292   11.882 2.5 456
   44.292   11.902 2.6 456
   44.292   11.922 2.7 456
   44.292   11.942 2.7 456
   44.292   11.962 2.7 456
   44.312   11.722 1.8 456
   44.312   11.742 1.8 456
   44.312   11.762 1.9 456
   44.312   11.782 2.0 456
   44.312   11.802 2.1 456
   44.312   11.822 2.1 456
   44.312   11.842 2.3 456
   44.312   11.862 2.2 456
   44.312   11.882 2.2 456
   44.312   11.902 2.4 456
   44.312   11.922 2.9 456
   44.312   11.942 2.9 456
   44.312   11.962 2.9 456
   44.332   11.722 1.9 456
   44.332   11.742 1.9 456
   44.332   11.762 1.9 456
   44.332   11.782 2.0 456
   44.332   11.802 2.2 456
   44.332   11.822 2.2 456
   44.332   11.842 2.1 456
   44.332   11.862 2.1 456
   44.332   11.882 2.1 456
   44.332   11.902 2.9 456
   44.332   11.922 2.9 456
   44.332   11.942 2.9 456
   44.332   11.962 2.9 456
   44.352   11.722 2.1 456
   44.352   11.742 2.1 456
   44.352   11.762 2.0 456
   44.352   11.782 2.0 456
   44.352   11.802 2.0 456
   44.352   11.822 2.0 456
   44.352   11.842 1.8 456
   44.352   11.862 2.9 456
   44.352   11.882 2.9 456
   44.352   11.902 2.9 456
   44.352   11.922 2.8 456
   44.352   11.942 2.8 456
   44.352   11.962 2.8 456
   44.372   11.722 2.1 456
   44.372   11.742 2.1 456
   44.372   11.762 1.9 456
   44.372   11.782 2.1 456
   44.372   11.802 1.8 456
   44.372   11.822 1.8 456
   44.372   11.842 2.5 456
   44.372   11.862 2.8 456
   44.372   11.882 2.8 456
   44.372   11.902 2.8 456
   44.372   11.922 2.7 456
   44.372   11.942 2.6 456
   44.372   11.962 2.6 456
   44.392   11.722 2.0 456
   44.392   11.742 2.0 456
   44.392   11.762 2.0 456
   44.392   11.782 1.8 456
   44.392   11.802 2.1 456
   44.392   11.822 2.1 456
   44.392   11.842 2.7 456
   44.392   11.862 2.6 456
   44.392   11.882 2.6 456
   44.392   11.902 2.7 456
   44.392   11.922 2.7 456
   44.392   11.942 2.6 456
   44.392   11.962 2.6 456
Latitude Longitude Value, endStep
   44.252   11.722 0.6 480
   44.252   11.742 0.6 480
   44.252   11.762 0.7 480
   44.252   11.782 0.8 480
   44.252   11.802 0.8 480
   44.252   11.822 0.8 480
   44.252   11.842 0.7 480
   44.252   11.862 0.7 480
   44.252   11.882 0.7 480
   44.252   11.902 0.8 480
   44.252   11.922 0.8 480
   44.252   11.942 0.8 480
   44.252   11.962 0.8 480
   44.272   11.722 0.6 480
   44.272   11.742 0.6 480
   44.272   11.762 0.7 480
   44.272   11.782 0.7 480
   44.272   11.802 0.8 480
   44.272   11.822 0.8 480
   44.272   11.842 1.0 480
   44.272   11.862 1.0 480
   44.272   11.882 1.0 480
   44.272   11.902 1.0 480
   44.272   11.922 0.9 480
   44.272   11.942 0.8 480
   44.272   11.962 0.8 480
   44.292   11.722 0.6 480
   44.292   11.742 0.6 480
   44.292   11.762 0.7 480
   44.292   11.782 0.8 480
   44.292   11.802 0.9 480
   44.292   11.822 0.9 480
   44.292   11.842 1.0 480
   44.292   11.862 1.1 480
   44.292   11.882 1.1 480
   44.292   11.902 1.1 480
   44.292   11.922 0.9 480
   44.292   11.942 0.8 480
   44.292   11.962 0.8 480
   44.312   11.722 0.8 480
   44.312   11.742 0.8 480
   44.312   11.762 1.0 480
   44.312   11.782 1.1 480
   44.312   11.802 1.2 480
   44.312   11.822 1.2 480
   44.312   11.842 1.0 480
   44.312   11.862 1.0 480
   44.312   11.882 1.0 480
   44.312   11.902 0.9 480
   44.312   11.922 0.8 480
   44.312   11.942 0.7 480
   44.312   11.962 0.7 480
   44.332   11.722 1.2 480
   44.332   11.742 1.2 480
   44.332   11.762 1.2 480
   44.332   11.782 1.3 480
   44.332   11.802 1.1 480
   44.332   11.822 1.1 480
   44.332   11.842 1.0 480
   44.332   11.862 0.9 480
   44.332   11.882 0.9 480
   44.332   11.902 0.8 480
   44.332   11.922 0.7 480
   44.332   11.942 0.7 480
   44.332   11.962 0.7 480
   44.352   11.722 1.4 480
   44.352   11.742 1.4 480
   44.352   11.762 1.3 480
   44.352   11.782 1.2 480
   44.352   11.802 1.1 480
   44.352   11.822 1.1 480
   44.352   11.842 0.9 480
   44.352   11.862 0.8 480
   44.352   11.882 0.8 480
   44.352   11.902 0.7 480
   44.352   11.922 0.6 480
   44.352   11.942 0.6 480
   44.352   11.962 0.6 480
   44.372   11.722 1.5 480
   44.372   11.742 1.5 480
   44.372   11.762 1.2 480
   44.372   11.782 1.0 480
   44.372   11.802 0.9 480
   44.372   11.822 0.9 480
   44.372   11.842 0.8 480
   44.372   11.862 0.7 480
   44.372   11.882 0.7 480
   44.372   11.902 0.6 480
   44.372   11.922 0.6 480
   44.372   11.942 0.5 480
   44.372   11.962 0.5 480
   44.392   11.722 1.1 480
   44.392   11.742 1.1 480
   44.392   11.762 1.0 480
   44.392   11.782 0.9 480
   44.392   11.802 0.8 480
   44.392   11.822 0.8 480
   44.392   11.842 0.7 480
   44.392   11.862 0.6 480
   44.392   11.882 0.6 480
   44.392   11.902 0.6 480
   44.392   11.922 0.6 480
   44.392   11.942 0.6 480
   44.392   11.962 0.6 480
Latitude Longitude Value, endStep
   44.252   11.722 2.1 504
   44.252   11.742 2.1 504
   44.252   11.762 2.0 504
   44.252   11.782 1.9 504
   44.252   11.802 1.8 504
   44.252   11.822 1.8 504
   44.252   11.842 1.8 504
   44.252   11.862 1.7 504
   44.252   11.882 1.7 504
   44.252   11.902 1.5 504
   44.252   11.922 1.4 504
   44.252   11.942 1.3 504
   44.252   11.962 1.3 504
   44.272   11.722 1.9 504
   44.272   11.742 1.9 504
   44.272   11.762 1.8 504
   44.272   11.782 1.9 504
   44.272   11.802 1.9 504
   44.272   11.822 1.9 504
   44.272   11.842 1.7 504
   44.272   11.862 1.6 504
   44.272   11.882 1.6 504
   44.272   11.902 1.4 504
   44.272   11.922 1.2 504
   44.272   11.942 1.1 504
   44.272   11.962 1.1 504
   44.292   11.722 1.7 504
   44.292   11.742 1.7 504
   44.292   11.762 1.8 504
   44.292   11.782 1.9 504
   44.292   11.802 1.9 504
   44.292   11.822 1.9 504
   44.292   11.842 1.7 504
   44.292   11.862 1.6 504
   44.292   11.882 1.6 504
   44.292   11.902 1.4 504
   44.292   11.922 1.2 504
   44.292   11.942 1.1 504
   44.292   11.962 1.1 504
   44.312   11.722 1.6 504
   44.312   11.742 1.6 504
   44.312   11.762 1.8 504
   44.312   11.782 1.8 504
   44.312   11.802 1.6 504
   44.312   11.822 1.6 504
   44.312   11.842 1.4 504
   44.312   11.862 1.2 504
   44.312   11.882 1.2 504
   44.312   11.902 1.2 504
   44.312   11.922 1.1 504
   44.312   11.942 1.0 504
   44.312   11.962 1.0 504
   44.332   11.722 1.8 504
   44.332   11.742 1.8 504
   44.332   11.762 1.7 504
   44.332   11.782 1.5 504
   44.332   11.802 1.3 504
   44.332   11.822 1.3 504
   44.332   11.842 1.1 504
   44.332   11.862 1.0 504
   44.332   11.882 1.0 504
   44.332   11.902 1.0 504
   44.332   11.922 0.9 504
   44.332   11.942 0.9 504
   44.332   11.962 0.9 504
   44.352   11.722 1.7 504
   44.352   11.742 1.7 504
   44.352   11.762 1.4 504
   44.352   11.782 1.2 504
   44.352   11.802 1.1 504
   44.352   11.822 1.1 504
   44.352   11.842 1.0 504
   44.352   11.862 0.9 504
   44.352   11.882 0.9 504
   44.352   11.902 0.9 504
   44.352   11.922 0.8 504
   44.352   11.942 0.8 504
   44.352   11.962 0.8 504
   44.372   11.722 1.5 504
   44.372   11.742 1.5 504
   44.372   11.762 1.2 504
   44.372   11.782 1.1 504
   44.372   11.802 1.0 504
   44.372   11.822 1.0 504
   44.372   11.842 1.0 504
   44.372   11.862 0.9 504
   44.372   11.882 0.9 504
   44.372   11.902 0.8 504
   44.372   11.922 0.8 504
   44.372   11.942 0.7 504
   44.372   11.962 0.7 504
   44.392   11.722 1.1 504
   44.392   11.742 1.1 504
   44.392   11.762 1.0 504
   44.392   11.782 0.9 504
   44.392   11.802 0.9 504
   44.392   11.822 0.9 504
   44.392   11.842 0.9 504
   44.392   11.862 0.8 504
   44.392   11.882 0.8 504
   44.392   11.902 0.7 504
   44.392   11.922 0.7 504
   44.392   11.942 0.7 504
   44.392   11.962 0.7 504
Latitude Longitude Value, endStep
   44.252   11.722 1.3 528
   44.252   11.742 1.3 528
   44.252   11.762 1.2 528
   44.252   11.782 1.2 528
   44.252   11.802 1.1 528
   44.252   11.822 1.1 528
   44.252   11.842 1.1 528
   44.252   11.862 1.0 528
   44.252   11.882 1.0 528
   44.252   11.902 0.9 528
   44.252   11.922 0.8 528
   44.252   11.942 0.7 528
   44.252   11.962 0.7 528
   44.272   11.722 1.1 528
   44.272   11.742 1.1 528
   44.272   11.762 1.1 528
   44.272   11.782 1.0 528
   44.272   11.802 1.0 528
   44.272   11.822 1.0 528
   44.272   11.842 1.0 528
   44.272   11.862 0.9 528
   44.272   11.882 0.9 528
   44.272   11.902 0.8 528
   44.272   11.922 0.7 528
   44.272   11.942 0.5 528
   44.272   11.962 0.5 528
   44.292   11.722 1.0 528
   44.292   11.742 1.0 528
   44.292   11.762 0.9 528
   44.292   11.782 0.9 528
   44.292   11.802 0.8 528
   44.292   11.822 0.8 528
   44.292   11.842 0.8 528
   44.292   11.862 0.9 528
   44.292   11.882 0.9 528
   44.292   11.902 0.8 528
   44.292   11.922 0.6 528
   44.292   11.942 0.5 528
   44.292   11.962 0.5 528
   44.312   11.722 0.9 528
   44.312   11.742 0.9 528
   44.312   11.762 0.8 528
   44.312   11.782 0.8 528
   44.312   11.802 0.6 528
   44.312   11.822 0.6 528
   44.312   11.842 0.5 528
   44.312   11.862 0.6 528
   44.312   11.882 0.6 528
   44.312   11.902 0.6 528
   44.312   11.922 0.5 528
   44.312   11.942 0.4 528
   44.312   11.962 0.4 528
   44.332   11.722 0.8 528
   44.332   11.742 0.8 528
   44.332   11.762 0.7 528
   44.332   11.782 0.6 528
   44.332   11.802 0.5 528
   44.332   11.822 0.5 528
   44.332   11.842 0.4 528
   44.332   11.862 0.4 528
   44.332   11.882 0.4 528
   44.332   11.902 0.3 528
   44.332   11.922 0.3 528
   44.332   11.942 0.3 528
   44.332   11.962 0.3 528
   44.352   11.722 0.7 528
   44.352   11.742 0.7 528
   44.352   11.762 0.5 528
   44.352   11.782 0.4 528
   44.352   11.802 0.3 528
   44.352   11.822 0.3 528
   44.352   11.842 0.3 528
   44.352   11.862 0.3 528
   44.352   11.882 0.3 528
   44.352   11.902 0.2 528
   44.352   11.922 0.2 528
   44.352   11.942 0.2 528
   44.352   11.962 0.2 528
   44.372   11.722 0.6 528
   44.372   11.742 0.6 528
   44.372   11.762 0.4 528
   44.372   11.782 0.3 528
   44.372   11.802 0.3 528
   44.372   11.822 0.3 528
   44.372   11.842 0.2 528
   44.372   11.862 0.2 528
   44.372   11.882 0.2 528
   44.372   11.902 0.2 528
   44.372   11.922 0.2 528
   44.372   11.942 0.2 528
   44.372   11.962 0.2 528
   44.392   11.722 0.3 528
   44.392   11.742 0.3 528
   44.392   11.762 0.2 528
   44.392   11.782 0.2 528
   44.392   11.802 0.2 528
   44.392   11.822 0.2 528
   44.392   11.842 0.1 528
   44.392   11.862 0.1 528
   44.392   11.882 0.1 528
   44.392   11.902 0.2 528
   44.392   11.922 0.2 528
   44.392   11.942 0.2 528
   44.392   11.962 0.2 528
Latitude Longitude Value, endStep
   44.252   11.722 1.0 552
   44.252   11.742 1.0 552
   44.252   11.762 1.1 552
   44.252   11.782 1.4 552
   44.252   11.802 1.4 552
   44.252   11.822 1.4 552
   44.252   11.842 1.4 552
   44.252   11.862 1.3 552
   44.252   11.882 1.3 552
   44.252   11.902 1.2 552
   44.252   11.922 1.1 552
   44.252   11.942 1.1 552
   44.252   11.962 1.1 552
   44.272   11.722 1.1 552
   44.272   11.742 1.1 552
   44.272   11.762 1.4 552
   44.272   11.782 1.5 552
   44.272   11.802 1.4 552
   44.272   11.822 1.4 552
   44.272   11.842 1.3 552
   44.272   11.862 1.2 552
   44.272   11.882 1.2 552
   44.272   11.902 1.3 552
   44.272   11.922 1.0 552
   44.272   11.942 0.7 552
   44.272   11.962 0.7 552
   44.292   11.722 1.3 552
   44.292   11.742 1.3 552
   44.292   11.762 1.4 552
   44.292   11.782 1.2 552
   44.292   11.802 1.2 552
   44.292   11.822 1.2 552
   44.292   11.842 1.2 552
   44.292   11.862 1.2 552
   44.292   11.882 1.2 552
   44.292   11.902 1.2 552
   44.292   11.922 0.9 552
   44.292   11.942 0.8 552
   44.292   11.962 0.8 552
   44.312   11.722 1.3 552
   44.312   11.742 1.3 552
   44.312   11.762 1.2 552
   44.312   11.782 1.2 552
   44.312   11.802 0.9 552
   44.312   11.822 0.9 552
   44.312   11.842 0.9 552
   44.312   11.862 0.9 552
   44.312   11.882 0.9 552
   44.312   11.902 1.0 552
   44.312   11.922 0.8 552
   44.312   11.942 0.7 552
   44.312   11.962 0.7 552
   44.332   11.722 1.2 552
   44.332   11.742 1.2 552
   44.332   11.762 1.1 552
   44.332   11.782 0.9 552
   44.332   11.802 0.8 552
   44.332   11.822 0.8 552
   44.332   11.842 0.8 552
   44.332   11.862 0.8 552
   44.332   11.882 0.8 552
   44.332   11.902 0.7 552
   44.332   11.922 0.7 552
   44.332   11.942 0.6 552
   44.332   11.962 0.6 552
   44.352   11.722 0.9 552
   44.352   11.742 0.9 552
   44.352   11.762 0.9 552
   44.352   11.782 0.7 552
   44.352   11.802 0.7 552
   44.352   11.822 0.7 552
   44.352   11.842 0.7 552
   44.352   11.862 0.6 552
   44.352   11.882 0.6 552
   44.352   11.902 0.6 552
   44.352   11.922 0.6 552
   44.352   11.942 0.5 552
   44.352   11.962 0.5 552
   44.372   11.722 1.0 552
   44.372   11.742 1.0 552
   44.372   11.762 0.7 552
   44.372   11.782 0.7 552
   44.372   11.802 0.6 552
   44.372   11.822 0.6 552
   44.372   11.842 0.6 552
   44.372   11.862 0.5 552
   44.372   11.882 0.5 552
   44.372   11.902 0.5 552
   44.372   11.922 0.5 552
   44.372   11.942 0.4 552
   44.372   11.962 0.4 552
   44.392   11.722 0.7 552
   44.392   11.742 0.7 552
   44.392   11.762 0.6 552
   44.392   11.782 0.6 552
   44.392   11.802 0.5 552
   44.392   11.822 0.5 552
   44.392   11.842 0.5 552
   44.392   11.862 0.5 552
   44.392   11.882 0.5 552
   44.392   11.902 0.4 552
   44.392   11.922 0.5 552
   44.392   11.942 0.4 552
   44.392   11.962 0.4 552
Latitude Longitude Value, endStep
   44.252   11.722 4.3 576
   44.252   11.742 4.3 576
   44.252   11.762 4.4 576
   44.252   11.782 4.5 576
   44.252   11.802 4.6 576
   44.252   11.822 4.6 576
   44.252   11.842 4.8 576
   44.252   11.862 4.8 576
   44.252   11.882 4.8 576
   44.252   11.902 4.9 576
   44.252   11.922 4.9 576
   44.252   11.942 5.0 576
   44.252   11.962 5.0 576
   44.272   11.722 4.4 576
   44.272   11.742 4.4 576
   44.272   11.762 4.4 576
   44.272   11.782 4.5 576
   44.272   11.802 4.6 576
   44.272   11.822 4.6 576
   44.272   11.842 4.8 576
   44.272   11.862 4.9 576
   44.272   11.882 4.9 576
   44.272   11.902 5.0 576
   44.272   11.922 5.0 576
   44.272   11.942 4.9 576
   44.272   11.962 4.9 576
   44.292   11.722 4.4 576
   44.292   11.742 4.4 576
   44.292   11.762 4.5 576
   44.292   11.782 4.6 576
   44.292   11.802 4.7 576
   44.292   11.822 4.7 576
   44.292   11.842 4.8 576
   44.292   11.862 5.0 576
   44.292   11.882 5.0 576
   44.292   11.902 5.0 576
   44.292   11.922 4.9 576
   44.292   11.942 4.9 576
   44.292   11.962 4.9 576
   44.312   11.722 4.5 576
   44.312   11.742 4.5 576
   44.312   11.762 4.6 576
   44.312   11.782 4.8 576
   44.312   11.802 4.8 576
   44.312   11.822 4.8 576
   44.312   11.842 4.8 576
   44.312   11.862 4.9 576
   44.312   11.882 4.9 576
   44.312   11.902 4.9 576
   44.312   11.922 4.9 576
   44.312   11.942 4.9 576
   44.312   11.962 4.9 576
   44.332   11.722 4.7 576
   44.332   11.742 4.7 576
   44.332   11.762 4.8 576
   44.332   11.782 4.8 576
   44.332   11.802 4.8 576
   44.332   11.822 4.8 576
   44.332   11.842 4.9 576
   44.332   11.862 4.8 576
   44.332   11.882 4.8 576
   44.332   11.902 4.8 576
   44.332   11.922 4.8 576
   44.332   11.942 4.8 576
   44.332   11.962 4.8 576
   44.352   11.722 4.9 576
   44.352   11.742 4.9 576
   44.352   11.762 4.8 576
   44.352   11.782 4.8 576
   44.352   11.802 4.8 576
   44.352   11.822 4.8 576
   44.352   11.842 4.8 576
   44.352   11.862 4.8 576
   44.352   11.882 4.8 576
   44.352   11.902 4.8 576
   44.352   11.922 4.8 576
   44.352   11.942 4.8 576
   44.352   11.962 4.8 576
   44.372   11.722 5.0 576
   44.372   11.742 5.0 576
   44.372   11.762 4.8 576
   44.372   11.782 4.7 576
   44.372   11.802 4.7 576
   44.372   11.822 4.7 576
   44.372   11.842 4.8 576
   44.372   11.862 4.7 576
   44.372   11.882 4.7 576
   44.372   11.902 4.7 576
   44.372   11.922 4.8 576
   44.372   11.942 4.8 576
   44.372   11.962 4.8 576
   44.392   11.722 4.8 576
   44.392   11.742 4.8 576
   44.392   11.762 4.7 576
   44.392   11.782 4.7 576
   44.392   11.802 4.7 576
   44.392   11.822 4.7 576
   44.392   11.842 4.7 576
   44.392   11.862 4.7 576
   44.392   11.882 4.7 576
   44.392   11.902 4.8 576
   44.392   11.922 4.8 576
   44.392   11.942 4.8 576
   44.392   11.962 4.8 576
Latitude Longitude Value, endStep
   44.252   11.722 5.2 600
   44.252   11.742 5.2 600
   44.252   11.762 5.3 600
   44.252   11.782 5.4 600
   44.252   11.802 5.5 600
   44.252   11.822 5.5 600
   44.252   11.842 5.7 600
   44.252   11.862 5.7 600
   44.252   11.882 5.7 600
   44.252   11.902 5.8 600
   44.252   11.922 5.8 600
   44.252   11.942 5.8 600
   44.252   11.962 5.8 600
   44.272   11.722 5.3 600
   44.272   11.742 5.3 600
   44.272   11.762 5.3 600
   44.272   11.782 5.4 600
   44.272   11.802 5.5 600
   44.272   11.822 5.5 600
   44.272   11.842 5.7 600
   44.272   11.862 5.8 600
   44.272   11.882 5.8 600
   44.272   11.902 5.9 600
   44.272   11.922 5.8 600
   44.272   11.942 5.8 600
   44.272   11.962 5.8 600
   44.292   11.722 5.3 600
   44.292   11.742 5.3 600
   44.292   11.762 5.3 600
   44.292   11.782 5.4 600
   44.292   11.802 5.5 600
   44.292   11.822 5.5 600
   44.292   11.842 5.7 600
   44.292   11.862 5.9 600
   44.292   11.882 5.9 600
   44.292   11.902 5.9 600
   44.292   11.922 5.8 600
   44.292   11.942 5.8 600
   44.292   11.962 5.8 600
   44.312   11.722 5.4 600
   44.312   11.742 5.4 600
   44.312   11.762 5.5 600
   44.312   11.782 5.6 600
   44.312   11.802 5.6 600
   44.312   11.822 5.6 600
   44.312   11.842 5.6 600
   44.312   11.862 5.7 600
   44.312   11.882 5.7 600
   44.312   11.902 5.8 600
   44.312   11.922 5.7 600
   44.312   11.942 5.7 600
   44.312   11.962 5.7 600
   44.332   11.722 5.6 600
   44.332   11.742 5.6 600
   44.332   11.762 5.6 600
   44.332   11.782 5.6 600
   44.332   11.802 5.6 600
   44.332   11.822 5.6 600
   44.332   11.842 5.6 600
   44.332   11.862 5.6 600
   44.332   11.882 5.6 600
   44.332   11.902 5.6 600
   44.332   11.922 5.6 600
   44.332   11.942 5.6 600
   44.332   11.962 5.6 600
   44.352   11.722 5.7 600
   44.352   11.742 5.7 600
   44.352   11.762 5.6 600
   44.352   11.782 5.5 600
   44.352   11.802 5.5 600
   44.352   11.822 5.5 600
   44.352   11.842 5.5 600
   44.352   11.862 5.5 600
   44.352   11.882 5.5 600
   44.352   11.902 5.5 600
   44.352   11.922 5.5 600
   44.352   11.942 5.5 600
   44.352   11.962 5.5 600
   44.372   11.722 5.8 600
   44.372   11.742 5.8 600
   44.372   11.762 5.5 600
   44.372   11.782 5.4 600
   44.372   11.802 5.4 600
   44.372   11.822 5.4 600
   44.372   11.842 5.4 600
   44.372   11.862 5.4 600
   44.372   11.882 5.4 600
   44.372   11.902 5.4 600
   44.372   11.922 5.4 600
   44.372   11.942 5.5 600
   44.372   11.962 5.5 600
   44.392   11.722 5.5 600
   44.392   11.742 5.5 600
   44.392   11.762 5.4 600
   44.392   11.782 5.4 600
   44.392   11.802 5.3 600
   44.392   11.822 5.3 600
   44.392   11.842 5.4 600
   44.392   11.862 5.3 600
   44.392   11.882 5.3 600
   44.392   11.902 5.4 600
   44.392   11.922 5.5 600
   44.392   11.942 5.5 600
   44.392   11.962 5.5 600
Latitude Longitude Value, endStep
   44.252   11.722 5.4 624
   44.252   11.742 5.4 624
   44.252   11.762 5.4 624
   44.252   11.782 5.6 624
   44.252   11.802 5.8 624
   44.252   11.822 5.8 624
   44.252   11.842 5.9 624
   44.252   11.862 5.9 624
   44.252   11.882 5.9 624
   44.252   11.902 5.8 624
   44.252   11.922 5.8 624
   44.252   11.942 5.7 624
   44.252   11.962 5.7 624
   44.272   11.722 5.5 624
   44.272   11.742 5.5 624
   44.272   11.762 5.4 624
   44.272   11.782 5.6 624
   44.272   11.802 5.7 624
   44.272   11.822 5.7 624
   44.272   11.842 5.8 624
   44.272   11.862 5.8 624
   44.272   11.882 5.8 624
   44.272   11.902 5.7 624
   44.272   11.922 5.6 624
   44.272   11.942 5.5 624
   44.272   11.962 5.5 624
   44.292   11.722 5.6 624
   44.292   11.742 5.6 624
   44.292   11.762 5.6 624
   44.292   11.782 5.6 624
   44.292   11.802 5.7 624
   44.292   11.822 5.7 624
   44.292   11.842 5.8 624
   44.292   11.862 5.8 624
   44.292   11.882 5.8 624
   44.292   11.902 5.7 624
   44.292   11.922 5.5 624
   44.292   11.942 5.5 624
   44.292   11.962 5.5 624
   44.312   11.722 5.6 624
   44.312   11.742 5.6 624
   44.312   11.762 5.8 624
   44.312   11.782 5.8 624
   44.312   11.802 5.6 624
   44.312   11.822 5.6 624
   44.312   11.842 5.6 624
   44.312   11.862 5.6 624
   44.312   11.882 5.6 624
   44.312   11.902 5.6 624
   44.312   11.922 5.5 624
   44.312   11.942 5.4 624
   44.312   11.962 5.4 624
   44.332   11.722 5.6 624
   44.332   11.742 5.6 624
   44.332   11.762 5.8 624
   44.332   11.782 5.7 624
   44.332   11.802 5.5 624
   44.332   11.822 5.5 624
   44.332   11.842 5.5 624
   44.332   11.862 5.4 624
   44.332   11.882 5.4 624
   44.332   11.902 5.5 624
   44.332   11.922 5.4 624
   44.332   11.942 5.4 624
   44.332   11.962 5.4 624
   44.352   11.722 5.8 624
   44.352   11.742 5.8 624
   44.352   11.762 5.6 624
   44.352   11.782 5.5 624
   44.352   11.802 5.4 624
   44.352   11.822 5.4 624
   44.352   11.842 5.4 624
   44.352   11.862 5.4 624
   44.352   11.882 5.4 624
   44.352   11.902 5.4 624
   44.352   11.922 5.4 624
   44.352   11.942 5.3 624
   44.352   11.962 5.3 624
   44.372   11.722 5.8 624
   44.372   11.742 5.8 624
   44.372   11.762 5.5 624
   44.372   11.782 5.5 624
   44.372   11.802 5.4 624
   44.372   11.822 5.4 624
   44.372   11.842 5.3 624
   44.372   11.862 5.3 624
   44.372   11.882 5.3 624
   44.372   11.902 5.3 624
   44.372   11.922 5.3 624
   44.372   11.942 5.2 624
   44.372   11.962 5.2 624
   44.392   11.722 5.6 624
   44.392   11.742 5.6 624
   44.392   11.762 5.5 624
   44.392   11.782 5.5 624
   44.392   11.802 5.4 624
   44.392   11.822 5.4 624
   44.392   11.842 5.4 624
   44.392   11.862 5.3 624
   44.392   11.882 5.3 624
   44.392   11.902 5.3 624
   44.392   11.922 5.3 624
   44.392   11.942 5.3 624
   44.392   11.962 5.3 624
Latitude Longitude Value, endStep
   44.252   11.722 8.0 648
   44.252   11.742 8.0 648
   44.252   11.762 8.4 648
   44.252   11.782 8.2 648
   44.252   11.802 8.4 648
   44.252   11.822 8.4 648
   44.252   11.842 8.2 648
   44.252   11.862 7.6 648
   44.252   11.882 7.6 648
   44.252   11.902 7.9 648
   44.252   11.922 8.2 648
   44.252   11.942 8.6 648
   44.252   11.962 8.6 648
   44.272   11.722 8.1 648
   44.272   11.742 8.1 648
   44.272   11.762 6.9 648
   44.272   11.782 7.7 648
   44.272   11.802 8.0 648
   44.272   11.822 8.0 648
   44.272   11.842 7.8 648
   44.272   11.862 7.8 648
   44.272   11.882 7.8 648
   44.272   11.902 8.1 648
   44.272   11.922 8.4 648
   44.272   11.942 8.6 648
   44.272   11.962 8.6 648
   44.292   11.722 7.2 648
   44.292   11.742 7.2 648
   44.292   11.762 6.9 648
   44.292   11.782 7.7 648
   44.292   11.802 7.8 648
   44.292   11.822 7.8 648
   44.292   11.842 8.5 648
   44.292   11.862 8.6 648
   44.292   11.882 8.6 648
   44.292   11.902 8.4 648
   44.292   11.922 8.6 648
   44.292   11.942 8.7 648
   44.292   11.962 8.7 648
   44.312   11.722 7.2 648
   44.312   11.742 7.2 648
   44.312   11.762 7.1 648
   44.312   11.782 7.7 648
   44.312   11.802 8.2 648
   44.312   11.822 8.2 648
   44.312   11.842 8.6 648
   44.312   11.862 8.6 648
   44.312   11.882 8.6 648
   44.312   11.902 8.7 648
   44.312   11.922 8.6 648
   44.312   11.942 8.7 648
   44.312   11.962 8.7 648
   44.332   11.722 7.6 648
   44.332   11.742 7.6 648
   44.332   11.762 7.2 648
   44.332   11.782 8.4 648
   44.332   11.802 8.5 648
   44.332   11.822 8.5 648
   44.332   11.842 8.6 648
   44.332   11.862 8.6 648
   44.332   11.882 8.6 648
   44.332   11.902 8.7 648
   44.332   11.922 8.8 648
   44.332   11.942 8.8 648
   44.332   11.962 8.8 648
   44.352   11.722 7.6 648
   44.352   11.742 7.6 648
   44.352   11.762 7.7 648
   44.352   11.782 8.4 648
   44.352   11.802 8.7 648
   44.352   11.822 8.7 648
   44.352   11.842 8.6 648
   44.352   11.862 8.6 648
   44.352   11.882 8.6 648
   44.352   11.902 8.7 648
   44.352   11.922 8.8 648
   44.352   11.942 9.0 648
   44.352   11.962 9.0 648
   44.372   11.722 7.9 648
   44.372   11.742 7.9 648
   44.372   11.762 8.2 648
   44.372   11.782 8.7 648
   44.372   11.802 8.4 648
   44.372   11.822 8.4 648
   44.372   11.842 8.3 648
   44.372   11.862 8.6 648
   44.372   11.882 8.6 648
   44.372   11.902 8.8 648
   44.372   11.922 8.8 648
   44.372   11.942 8.8 648
   44.372   11.962 8.8 648
   44.392   11.722 8.9 648
   44.392   11.742 8.9 648
   44.392   11.762 8.6 648
   44.392   11.782 8.7 648
   44.392   11.802 8.5 648
   44.392   11.822 8.5 648
   44.392   11.842 8.3 648
   44.392   11.862 8.6 648
   44.392   11.882 8.6 648
   44.392   11.902 8.9 648
   44.392   11.922 8.9 648
   44.392   11.942 8.8 648
   44.392   11.962 8.8 648
Latitude Longitude Value, endStep
   44.252   11.722 7.6 672
   44.252   11.742 7.6 672
   44.252   11.762 7.8 672
   44.252   11.782 8.0 672
   44.252   11.802 8.0 672
   44.252   11.822 8.0 672
   44.252   11.842 8.0 672
   44.252   11.862 7.8 672
   44.252   11.882 7.8 672
   44.252   11.902 7.5 672
   44.252   11.922 7.3 672
   44.252   11.942 7.3 672
   44.252   11.962 7.3 672
   44.272   11.722 7.5 672
   44.272   11.742 7.5 672
   44.272   11.762 7.5 672
   44.272   11.782 7.6 672
   44.272   11.802 7.8 672
   44.272   11.822 7.8 672
   44.272   11.842 7.9 672
   44.272   11.862 7.3 672
   44.272   11.882 7.3 672
   44.272   11.902 7.5 672
   44.272   11.922 7.4 672
   44.272   11.942 7.0 672
   44.272   11.962 7.0 672
   44.292   11.722 7.3 672
   44.292   11.742 7.3 672
   44.292   11.762 7.3 672
   44.292   11.782 7.4 672
   44.292   11.802 7.6 672
   44.292   11.822 7.6 672
   44.292   11.842 7.3 672
   44.292   11.862 7.4 672
   44.292   11.882 7.4 672
   44.292   11.902 7.2 672
   44.292   11.922 6.7 672
   44.292   11.942 6.7 672
   44.292   11.962 6.7 672
   44.312   11.722 7.2 672
   44.312   11.742 7.2 672
   44.312   11.762 7.4 672
   44.312   11.782 7.5 672
   44.312   11.802 7.3 672
   44.312   11.822 7.3 672
   44.312   11.842 6.7 672
   44.312   11.862 6.7 672
   44.312   11.882 6.7 672
   44.312   11.902 6.7 672
   44.312   11.922 6.3 672
   44.312   11.942 6.2 672
   44.312   11.962 6.2 672
   44.332   11.722 7.2 672
   44.332   11.742 7.2 672
   44.332   11.762 7.4 672
   44.332   11.782 7.2 672
   44.332   11.802 6.8 672
   44.332   11.822 6.8 672
   44.332   11.842 6.5 672
   44.332   11.862 6.6 672
   44.332   11.882 6.6 672
   44.332   11.902 6.7 672
   44.332   11.922 6.6 672
   44.332   11.942 6.6 672
   44.332   11.962 6.6 672
   44.352   11.722 7.4 672
   44.352   11.742 7.4 672
   44.352   11.762 7.2 672
   44.352   11.782 7.1 672
   44.352   11.802 6.9 672
   44.352   11.822 6.9 672
   44.352   11.842 6.8 672
   44.352   11.862 6.7 672
   44.352   11.882 6.7 672
   44.352   11.902 6.6 672
   44.352   11.922 6.3 672
   44.352   11.942 6.2 672
   44.352   11.962 6.2 672
   44.372   11.722 7.5 672
   44.372   11.742 7.5 672
   44.372   11.762 6.9 672
   44.372   11.782 6.9 672
   44.372   11.802 6.8 672
   44.372   11.822 6.8 672
   44.372   11.842 6.8 672
   44.372   11.862 6.6 672
   44.372   11.882 6.6 672
   44.372   11.902 6.5 672
   44.372   11.922 6.2 672
   44.372   11.942 6.2 672
   44.372   11.962 6.2 672
   44.392   11.722 6.6 672
   44.392   11.742 6.6 672
   44.392   11.762 6.6 672
   44.392   11.782 6.3 672
   44.392   11.802 6.1 672
   44.392   11.822 6.1 672
   44.392   11.842 6.2 672
   44.392   11.862 6.2 672
   44.392   11.882 6.2 672
   44.392   11.902 6.1 672
   44.392   11.922 6.0 672
   44.392   11.942 5.8 672
   44.392   11.962 5.8 672
Latitude Longitude Value, endStep
   44.252   11.722 6.0 696
   44.252   11.742 6.0 696
   44.252   11.762 6.1 696
   44.252   11.782 6.1 696
   44.252   11.802 5.9 696
   44.252   11.822 5.9 696
   44.252   11.842 5.7 696
   44.252   11.862 5.3 696
   44.252   11.882 5.3 696
   44.252   11.902 5.1 696
   44.252   11.922 4.7 696
   44.252   11.942 4.5 696
   44.252   11.962 4.5 696
   44.272   11.722 5.9 696
   44.272   11.742 5.9 696
   44.272   11.762 5.9 696
   44.272   11.782 6.0 696
   44.272   11.802 5.8 696
   44.272   11.822 5.8 696
   44.272   11.842 5.5 696
   44.272   11.862 5.0 696
   44.272   11.882 5.0 696
   44.272   11.902 4.7 696
   44.272   11.922 4.4 696
   44.272   11.942 4.1 696
   44.272   11.962 4.1 696
   44.292   11.722 5.9 696
   44.292   11.742 5.9 696
   44.292   11.762 5.7 696
   44.292   11.782 5.7 696
   44.292   11.802 5.4 696
   44.292   11.822 5.4 696
   44.292   11.842 5.0 696
   44.292   11.862 4.8 696
   44.292   11.882 4.8 696
   44.292   11.902 4.3 696
   44.292   11.922 4.0 696
   44.292   11.942 4.0 696
   44.292   11.962 4.0 696
   44.312   11.722 5.9 696
   44.312   11.742 5.9 696
   44.312   11.762 5.6 696
   44.312   11.782 5.4 696
   44.312   11.802 5.0 696
   44.312   11.822 5.0 696
   44.312   11.842 4.5 696
   44.312   11.862 4.2 696
   44.312   11.882 4.2 696
   44.312   11.902 4.1 696
   44.312   11.922 3.9 696
   44.312   11.942 3.8 696
   44.312   11.962 3.8 696
   44.332   11.722 5.4 696
   44.332   11.742 5.4 696
   44.332   11.762 5.2 696
   44.332   11.782 5.0 696
   44.332   11.802 4.6 696
   44.332   11.822 4.6 696
   44.332   11.842 4.3 696
   44.332   11.862 4.1 696
   44.332   11.882 4.1 696
   44.332   11.902 3.9 696
   44.332   11.922 3.8 696
   44.332   11.942 3.7 696
   44.332   11.962 3.7 696
   44.352   11.722 4.7 696
   44.352   11.742 4.7 696
   44.352   11.762 4.7 696
   44.352   11.782 4.4 696
   44.352   11.802 4.3 696
   44.352   11.822 4.3 696
   44.352   11.842 4.2 696
   44.352   11.862 4.0 696
   44.352   11.882 4.0 696
   44.352   11.902 3.8 696
   44.352   11.922 3.7 696
   44.352   11.942 3.7 696
   44.352   11.962 3.7 696
   44.372   11.722 4.4 696
   44.372   11.742 4.4 696
   44.372   11.762 4.2 696
   44.372   11.782 4.2 696
   44.372   11.802 4.1 696
   44.372   11.822 4.1 696
   44.372   11.842 4.0 696
   44.372   11.862 3.8 696
   44.372   11.882 3.8 696
   44.372   11.902 3.7 696
   44.372   11.922 3.6 696
   44.372   11.942 3.5 696
   44.372   11.962 3.5 696
   44.392   11.722 4.1 696
   44.392   11.742 4.1 696
   44.392   11.762 4.0 696
   44.392   11.782 4.1 696
   44.392   11.802 4.1 696
   44.392   11.822 4.1 696
   44.392   11.842 3.8 696
   44.392   11.862 3.7 696
   44.392   11.882 3.7 696
   44.392   11.902 3.6 696
   44.392   11.922 3.6 696
   44.392   11.942 3.4 696
   44.392   11.962 3.4 696
Latitude Longitude Value, endStep
   44.252   11.722 6.3 720
   44.252   11.742 6.3 720
   44.252   11.762 6.5 720
   44.252   11.782 6.4 720
   44.252   11.802 6.3 720
   44.252   11.822 6.3 720
   44.252   11.842 6.2 720
   44.252   11.862 6.3 720
   44.252   11.882 6.3 720
   44.252   11.902 6.3 720
   44.252   11.922 6.4 720
   44.252   11.942 6.4 720
   44.252   11.962 6.4 720
   44.272   11.722 6.5 720
   44.272   11.742 6.5 720
   44.272   11.762 6.6 720
   44.272   11.782 6.6 720
   44.272   11.802 6.5 720
   44.272   11.822 6.5 720
   44.272   11.842 6.4 720
   44.272   11.862 6.2 720
   44.272   11.882 6.2 720
   44.272   11.902 6.2 720
   44.272   11.922 6.2 720
   44.272   11.942 6.1 720
   44.272   11.962 6.1 720
   44.292   11.722 6.2 720
   44.292   11.742 6.2 720
   44.292   11.762 6.2 720
   44.292   11.782 6.4 720
   44.292   11.802 6.4 720
   44.292   11.822 6.4 720
   44.292   11.842 6.3 720
   44.292   11.862 6.3 720
   44.292   11.882 6.3 720
   44.292   11.902 6.2 720
   44.292   11.922 6.1 720
   44.292   11.942 6.1 720
   44.292   11.962 6.1 720
   44.312   11.722 6.0 720
   44.312   11.742 6.0 720
   44.312   11.762 6.1 720
   44.312   11.782 6.2 720
   44.312   11.802 6.1 720
   44.312   11.822 6.1 720
   44.312   11.842 6.0 720
   44.312   11.862 5.9 720
   44.312   11.882 5.9 720
   44.312   11.902 6.0 720
   44.312   11.922 5.9 720
   44.312   11.942 6.0 720
   44.312   11.962 6.0 720
   44.332   11.722 5.9 720
   44.332   11.742 5.9 720
   44.332   11.762 5.9 720
   44.332   11.782 5.9 720
   44.332   11.802 5.8 720
   44.332   11.822 5.8 720
   44.332   11.842 5.8 720
   44.332   11.862 5.7 720
   44.332   11.882 5.7 720
   44.332   11.902 5.7 720
   44.332   11.922 5.7 720
   44.332   11.942 5.7 720
   44.332   11.962 5.7 720
   44.352   11.722 5.8 720
   44.352   11.742 5.8 720
   44.352   11.762 5.6 720
   44.352   11.782 5.5 720
   44.352   11.802 5.5 720
   44.352   11.822 5.5 720
   44.352   11.842 5.5 720
   44.352   11.862 5.5 720
   44.352   11.882 5.5 720
   44.352   11.902 5.5 720
   44.352   11.922 5.6 720
   44.352   11.942 5.6 720
   44.352   11.962 5.6 720
   44.372   11.722 5.7 720
   44.372   11.742 5.7 720
   44.372   11.762 5.4 720
   44.372   11.782 5.4 720
   44.372   11.802 5.3 720
   44.372   11.822 5.3 720
   44.372   11.842 5.4 720
   44.372   11.862 5.4 720
   44.372   11.882 5.4 720
   44.372   11.902 5.4 720
   44.372   11.922 5.5 720
   44.372   11.942 5.5 720
   44.372   11.962 5.5 720
   44.392   11.722 5.5 720
   44.392   11.742 5.5 720
   44.392   11.762 5.3 720
   44.392   11.782 5.3 720
   44.392   11.802 5.3 720
   44.392   11.822 5.3 720
   44.392   11.842 5.4 720
   44.392   11.862 5.4 720
   44.392   11.882 5.4 720
   44.392   11.902 5.4 720
   44.392   11.922 5.5 720
   44.392   11.942 5.5 720
   44.392   11.962 5.5 720
