Latitude, Longitude, Value
   43.643    9.134 1.2530907631e+01
   43.643    9.197 1.2354149818e+01
   43.643    9.260 1.2269188881e+01
   43.643    9.323 1.2170556068e+01
   43.643    9.386 1.1951317787e+01
   43.643    9.449 1.1815575600e+01
   43.643    9.512 1.1732567787e+01
   43.643    9.575 1.1633446693e+01
   43.643    9.638 1.1464501381e+01
   43.643    9.701 1.1258934975e+01
   43.643    9.765 1.1052880287e+01
   43.643    9.828 1.0822411537e+01
   43.643    9.891 1.0457665443e+01
   43.643    9.954 1.0043602943e+01
   43.643   10.017 9.6417474747e+00
   43.643   10.080 9.1778802872e+00
   43.643   10.143 8.5484857559e+00
   43.643   10.206 7.8873529434e+00
   43.643   10.269 7.0284662247e+00
   43.643   10.332 4.0411615372e+00
   43.643   10.395 4.2057123184e+00
   43.643   10.458 4.2877435684e+00
   43.643   10.521 4.3912591934e+00
   43.643   10.584 4.8204584122e+00
   43.643   10.647 5.3614740372e+00
   43.643   10.710 5.4478998184e+00
   43.643   10.773 4.9522943497e+00
   43.643   10.836 4.4093255997e+00
   43.643   10.899 3.9098138809e+00
   43.643   10.962 3.4937982559e+00
   43.643   11.026 3.5992670059e+00
   43.643   11.089 4.1905755997e+00
   43.643   11.152 3.5738763809e+00
   43.643   11.215 3.7394037247e+00
   43.643   11.278 3.0484857559e+00
   43.643   11.341 2.8287591934e+00
   43.643   11.404 4.0016107559e+00
   43.643   11.467 3.6344232559e+00
   43.643   11.530 3.8971185684e+00
   43.643   11.593 2.0128412247e+00
   43.643   11.656 9.0395450592e-01
   43.643   11.719 2.4630365372e+00
   43.643   11.782 4.5387201309e+00
   43.643   11.845 2.4278802872e+00
   43.643   11.908 1.0592279434e+00
   43.643   11.971 1.6490716934e+00
   43.643   12.034 3.3097162247e+00
   43.643   12.097 2.5719232559e+00
   43.643   12.160 1.4293451309e+00
   43.643   12.223 7.3061466217e-01
   43.643   12.287 2.3287591934e+00
   43.643   12.350 2.5870599747e+00
   43.643   12.413 1.9728021622e+00
   43.643   12.476 2.2887201309e+00
   43.643   12.539 2.7594232559e+00
   43.643   12.602 2.9620599747e+00
   43.643   12.665 1.2838373184e+00
   43.643   12.728 2.4581537247e+00
   43.643   12.791 3.2979974747e+00
   43.643   12.854 4.0582513809e+00
   43.688    9.134 1.2800438881e+01
   43.688    9.197 1.2417138100e+01
   43.688    9.260 1.2155419350e+01
   43.688    9.323 1.2118309975e+01
   43.688    9.386 1.1974755287e+01
   43.688    9.449 1.1839989662e+01
   43.688    9.512 1.1730614662e+01
   43.688    9.575 1.1635888100e+01
   43.688    9.638 1.1458153725e+01
   43.688    9.701 1.1216942787e+01
   43.688    9.765 1.0948388100e+01
   43.688    9.828 1.0678856850e+01
   43.688    9.891 1.0301903725e+01
   43.688    9.954 9.8893060684e+00
   43.688   10.017 9.4381341934e+00
   43.688   10.080 8.9903802872e+00
   43.688   10.143 8.4293451309e+00
   43.688   10.206 7.8741693497e+00
   43.688   10.269 6.9635248184e+00
   43.688   10.332 3.8829584122e+00
   43.688   10.395 4.2696771622e+00
   43.688   10.458 4.4996576309e+00
   43.688   10.521 5.1471185684e+00
   43.688   10.584 4.8126459122e+00
   43.688   10.647 4.4942865372e+00
   43.688   10.710 5.4967279434e+00
   43.688   10.773 5.5758295059e+00
   43.688   10.836 5.2164545059e+00
   43.688   10.899 4.8829584122e+00
   43.688   10.962 4.7066888809e+00
   43.688   11.026 4.7789545059e+00
   43.688   11.089 4.6187982559e+00
   43.688   11.152 4.4576654434e+00
   43.688   11.215 3.4132318497e+00
   43.688   11.278 3.4269037247e+00
   43.688   11.341 3.3189935684e+00
   43.688   11.404 4.6954584122e+00
   43.688   11.467 2.4991693497e+00
   43.688   11.530 3.6070795059e+00
   43.688   11.593 1.1656732559e+00
   43.688   11.656 1.1104974747e+00
   43.688   11.719 3.9718255997e+00
   43.688   11.782 5.2628412247e+00
   43.688   11.845 2.5772943497e+00
   43.688   11.908 1.3292474747e+00
   43.688   11.971 1.9234857559e+00
   43.688   12.034 2.2418451309e+00
   43.688   12.097 7.6284122467e-01
   43.688   12.160 6.1342716217e-01
   43.688   12.223 1.1192865372e+00
   43.688   12.287 2.7555170059e+00
   43.688   12.350 3.1939935684e+00
   43.688   12.413 2.2306146622e+00
   43.688   12.476 2.1280755997e+00
   43.688   12.539 2.5406732559e+00
   43.688   12.602 1.9029779434e+00
   43.688   12.665 2.9796380997e+00
   43.688   12.728 2.9977045059e+00
   43.688   12.791 3.9366693497e+00
   43.688   12.854 4.4005365372e+00
   43.733    9.134 1.3144188881e+01
   43.733    9.197 1.2735985756e+01
   43.733    9.260 1.2265770912e+01
   43.733    9.323 1.1982567787e+01
   43.733    9.386 1.1864892006e+01
   43.733    9.449 1.1888329506e+01
   43.733    9.512 1.1797997475e+01
   43.733    9.575 1.1687157631e+01
   43.733    9.638 1.1518700600e+01
   43.733    9.701 1.1255028725e+01
   43.733    9.765 1.0943017006e+01
   43.733    9.828 1.0656884193e+01
   43.733    9.891 1.0371727943e+01
   43.733    9.954 1.0054345131e+01
   43.733   10.017 9.6939935684e+00
   43.733   10.080 9.3287591934e+00
   43.733   10.143 8.9298334122e+00
   43.733   10.206 8.4166498184e+00
   43.733   10.269 7.4117670059e+00
   43.733   10.332 4.2086420059e+00
   43.733   10.395 5.1822748184e+00
   43.733   10.458 7.0191888809e+00
   43.733   10.521 7.6363763809e+00
   43.733   10.584 5.9444818497e+00
   43.733   10.647 4.2687005997e+00
   43.733   10.710 4.5177240372e+00
   43.733   10.773 5.8424310684e+00
   43.733   10.836 5.7799310684e+00
   43.733   10.899 5.9693841934e+00
   43.733   10.962 6.1319818497e+00
   43.733   11.026 5.6568841934e+00
   43.733   11.089 4.9752435684e+00
   43.733   11.152 4.9327630997e+00
   43.733   11.215 4.9527826309e+00
   43.733   11.278 4.6720209122e+00
   43.733   11.341 4.2159662247e+00
   43.733   11.404 5.2882318497e+00
   43.733   11.467 3.6817865372e+00
   43.733   11.530 2.7003412247e+00
   43.733   11.593 1.2110834122e+00
   43.733   11.656 2.5270013809e+00
   43.733   11.719 3.4815912247e+00
   43.733   11.782 2.5880365372e+00
   43.733   11.845 1.6603021622e+00
   43.733   11.908 1.2062005997e+00
   43.733   11.971 1.1603021622e+00
   43.733   12.034 9.5961856842e-01
   43.733   12.097 6.8422794342e-01
   43.733   12.160 1.0855951309e+00
   43.733   12.223 9.8207950592e-01
   43.733   12.287 1.8580560684e+00
   43.733   12.350 3.0118646622e+00
   43.733   12.413 3.3595209122e+00
   43.733   12.476 2.4415521622e+00
   43.733   12.539 2.4068841934e+00
   43.733   12.602 2.7384271622e+00
   43.733   12.665 3.2389154434e+00
   43.733   12.728 3.1578607559e+00
   43.733   12.791 3.8092279434e+00
   43.733   12.854 4.8126459122e+00
   43.778    9.134 1.3292138100e+01
   43.778    9.197 1.3033349037e+01
   43.778    9.260 1.2686181068e+01
   43.778    9.323 1.2222313881e+01
   43.778    9.386 1.1914696693e+01
   43.778    9.449 1.1777001381e+01
   43.778    9.512 1.1806786537e+01
   43.778    9.575 1.1790184975e+01
   43.778    9.638 1.1613427162e+01
   43.778    9.701 1.1324852943e+01
   43.778    9.765 1.1016259193e+01
   43.778    9.828 1.0691063881e+01
   43.778    9.891 1.0472802162e+01
   43.778    9.954 1.0288231850e+01
   43.778   10.017 1.0119286537e+01
   43.778   10.080 9.9112787247e+00
   43.778   10.143 9.5899896622e+00
   43.778   10.206 9.2257318497e+00
   43.778   10.269 8.7096185684e+00
   43.778   10.332 6.3072748184e+00
   43.778   10.395 7.7652826309e+00
   43.778   10.458 6.6886224747e+00
   43.778   10.521 6.8600091934e+00
   43.778   10.584 5.9664545059e+00
   43.778   10.647 4.2520990372e+00
   43.778   10.710 3.1925287247e+00
   43.778   10.773 4.9996576309e+00
   43.778   10.836 6.1798334122e+00
   43.778   10.899 6.8590326309e+00
   43.778   10.962 6.6803216934e+00
   43.778   11.026 5.7193841934e+00
   43.778   11.089 5.2369623184e+00
   43.778   11.152 5.4068841934e+00
   43.778   11.215 4.5963373184e+00
   43.778   11.278 5.0733880997e+00
   43.778   11.341 5.7784662247e+00
   43.778   11.404 6.7857904434e+00
   43.778   11.467 6.0147943497e+00
   43.778   11.530 3.0069818497e+00
   43.778   11.593 1.1178216934e+00
   43.778   11.656 2.2120599747e+00
   43.778   11.719 2.5367670059e+00
   43.778   11.782 1.4620599747e+00
   43.778   11.845 5.4555606842e-01
   43.778   11.908 9.0590763092e-01
   43.778   11.971 8.1411075592e-01
   43.778   12.034 4.8159122467e-01
   43.778   12.097 9.0493106842e-01
   43.778   12.160 1.9640130997e+00
   43.778   12.223 9.7963809967e-01
   43.778   12.287 9.6010684967e-01
   43.778   12.350 2.1925287247e+00
   43.778   12.413 4.3365716934e+00
   43.778   12.476 3.8722162247e+00
   43.778   12.539 3.4400873184e+00
   43.778   12.602 3.1622552872e+00
   43.778   12.665 3.3023920059e+00
   43.778   12.728 3.1656732559e+00
   43.778   12.791 4.0782709122e+00
   43.778   12.854 5.0582513809e+00
   43.823    9.134 1.3251122475e+01
   43.823    9.197 1.3094872475e+01
   43.823    9.260 1.3108544350e+01
   43.823    9.323 1.2779442787e+01
   43.823    9.386 1.2203270912e+01
   43.823    9.449 1.1873681068e+01
   43.823    9.512 1.1730126381e+01
   43.823    9.575 1.1760399818e+01
   43.823    9.638 1.1715966225e+01
   43.823    9.701 1.1467919350e+01
   43.823    9.765 1.1170556068e+01
   43.823    9.828 1.0820458412e+01
   43.823    9.891 1.0612938881e+01
   43.823    9.954 1.0496727943e+01
   43.823   10.017 1.0458642006e+01
   43.823   10.080 1.0394677162e+01
   43.823   10.143 1.0165673256e+01
   43.823   10.206 9.7218255997e+00
   43.823   10.269 8.9669427872e+00
   43.823   10.332 6.2765130997e+00
   43.823   10.395 6.4889154434e+00
   43.823   10.458 6.2452630997e+00
   43.823   10.521 5.6559076309e+00
   43.823   10.584 5.3258295059e+00
   43.823   10.647 5.0948724747e+00
   43.823   10.710 3.6256341934e+00
   43.823   10.773 4.8707513809e+00
   43.823   10.836 6.2687005997e+00
   43.823   10.899 7.2330560684e+00
   43.823   10.962 6.4933099747e+00
   43.823   11.026 5.7525873184e+00
   43.823   11.089 5.7115716934e+00
   43.823   11.152 6.2042474747e+00
   43.823   11.215 4.8048334122e+00
   43.823   11.278 6.0045404434e+00
   43.823   11.341 5.7091302872e+00
   43.823   11.404 6.0465326309e+00
   43.823   11.467 5.0904779434e+00
   43.823   11.530 3.9347162247e+00
   43.823   11.593 2.4098138809e+00
   43.823   11.656 1.0763177872e+00
   43.823   11.719 1.0870599747e+00
   43.823   11.782 7.2622013092e-01
   43.823   11.845 6.7690372467e-01
   43.823   11.908 7.7553653717e-01
   43.823   11.971 8.3510684967e-01
   43.823   12.034 1.3814935684e+00
   43.823   12.097 2.3478021622e+00
   43.823   12.160 2.3102045059e+00
   43.823   12.223 1.7853021622e+00
   43.823   12.287 1.3492670059e+00
   43.823   12.350 2.0699701309e+00
   43.823   12.413 3.8263177872e+00
   43.823   12.476 4.5108880997e+00
   43.823   12.539 3.6520013809e+00
   43.823   12.602 3.3614740372e+00
   43.823   12.665 3.3145990372e+00
   43.823   12.728 3.3600091934e+00
   43.823   12.791 4.4303216934e+00
   43.823   12.854 4.7960443497e+00
   43.868    9.134 1.3476220131e+01
   43.868    9.197 1.3406884193e+01
   43.868    9.260 1.3308251381e+01
   43.868    9.323 1.3184227943e+01
   43.868    9.386 1.2500145912e+01
   43.868    9.449 1.2153466225e+01
   43.868    9.512 1.1929345131e+01
   43.868    9.575 1.1762841225e+01
   43.868    9.638 1.1647118568e+01
   43.868    9.701 1.1445946693e+01
   43.868    9.765 1.1174462318e+01
   43.868    9.828 1.0899559975e+01
   43.868    9.891 1.0702782631e+01
   43.868    9.954 1.0646630287e+01
   43.868   10.017 1.0620263100e+01
   43.868   10.080 1.0531884193e+01
   43.868   10.143 1.0182763100e+01
   43.868   10.206 9.4249505997e+00
   43.868   10.269 6.6124505997e+00
   43.868   10.332 6.7574701309e+00
   43.868   10.395 6.0763177872e+00
   43.868   10.458 4.4937982559e+00
   43.868   10.521 3.7081537247e+00
   43.868   10.584 4.0206537247e+00
   43.868   10.647 3.6187982559e+00
   43.868   10.710 5.0279779434e+00
   43.868   10.773 5.7115716934e+00
   43.868   10.836 7.1363763809e+00
   43.868   10.899 6.9649896622e+00
   43.868   10.962 6.2398920059e+00
   43.868   11.026 6.4200677872e+00
   43.868   11.089 6.7975091934e+00
   43.868   11.152 6.8346185684e+00
   43.868   11.215 6.4269037247e+00
   43.868   11.278 5.8595209122e+00
   43.868   11.341 4.1227045059e+00
   43.868   11.404 4.6607904434e+00
   43.868   11.467 4.8238763809e+00
   43.868   11.530 4.5865716934e+00
   43.868   11.593 3.2311029434e+00
   43.868   11.656 2.5991153717e-01
   43.868   11.719 7.1743106842e-01
   43.868   11.782 2.0284662247e+00
   43.868   11.845 2.0553216934e+00
   43.868   11.908 1.8351068497e+00
   43.868   11.971 2.0714349747e+00
   43.868   12.034 2.2716302872e+00
   43.868   12.097 3.1749505997e+00
   43.868   12.160 3.7716302872e+00
   43.868   12.223 2.4327630997e+00
   43.868   12.287 2.8712396622e+00
   43.868   12.350 3.4298334122e+00
   43.868   12.413 3.4698724747e+00
   43.868   12.476 4.3165521622e+00
   43.868   12.539 4.5562982559e+00
   43.868   12.602 4.2643060684e+00
   43.868   12.665 4.1285638809e+00
   43.868   12.728 4.1710443497e+00
   43.868   12.791 4.3023920059e+00
   43.868   12.854 4.4249505997e+00
   43.913    9.134 1.3118309975e+01
   43.913    9.197 1.3237450600e+01
   43.913    9.260 1.3151513100e+01
   43.913    9.323 1.3193993568e+01
   43.913    9.386 1.3317528725e+01
   43.913    9.449 1.2620263100e+01
   43.913    9.512 1.2258446693e+01
   43.913    9.575 1.2040184975e+01
   43.913    9.638 1.1938134193e+01
   43.913    9.701 1.1701317787e+01
   43.913    9.765 1.1475243568e+01
   43.913    9.828 1.1221825600e+01
   43.913    9.891 1.1052880287e+01
   43.913    9.954 1.0997216225e+01
   43.913   10.017 1.0939599037e+01
   43.913   10.080 1.0739892006e+01
   43.913   10.143 1.0342431068e+01
   43.913   10.206 9.8717279434e+00
   43.913   10.269 6.5338373184e+00
   43.913   10.332 6.2911615372e+00
   43.913   10.395 6.1788568497e+00
   43.913   10.458 6.5152826309e+00
   43.913   10.521 6.0055170059e+00
   43.913   10.584 5.3526849747e+00
   43.913   10.647 6.7774896622e+00
   43.913   10.710 5.6373529434e+00
   43.913   10.773 6.3609857559e+00
   43.913   10.836 6.9947748184e+00
   43.913   10.899 6.1935052872e+00
   43.913   10.962 6.3595209122e+00
   43.913   11.026 7.8766107559e+00
   43.913   11.089 7.5304193497e+00
   43.913   11.152 5.7179193497e+00
   43.913   11.215 4.3468255997e+00
   43.913   11.278 3.6788568497e+00
   43.913   11.341 3.4713373184e+00
   43.913   11.404 3.5924310684e+00
   43.913   11.467 4.3873529434e+00
   43.913   11.530 5.0782709122e+00
   43.913   11.593 3.4234857559e+00
   43.913   11.656 7.9702091217e-01
   43.913   11.719 1.4044427872e+00
   43.913   11.782 2.4737787247e+00
   43.913   11.845 3.0763177872e+00
   43.913   11.908 2.3277826309e+00
   43.913   11.971 1.7271966934e+00
   43.913   12.034 2.8600091934e+00
   43.913   12.097 3.6368646622e+00
   43.913   12.160 4.3946771622e+00
   43.913   12.223 3.1661615372e+00
   43.913   12.287 3.5294427872e+00
   43.913   12.350 3.6871576309e+00
   43.913   12.413 3.8697748184e+00
   43.913   12.476 4.5328607559e+00
   43.913   12.539 5.2140130997e+00
   43.913   12.602 5.0567865372e+00
   43.913   12.665 4.7149896622e+00
   43.913   12.728 4.7613763809e+00
   43.913   12.791 4.5484857559e+00
   43.913   12.854 4.4034662247e+00
   43.958    9.134 1.3601220131e+01
   43.958    9.197 1.3686669350e+01
   43.958    9.260 1.3631981850e+01
   43.958    9.323 1.3557274818e+01
   43.958    9.386 1.3534325600e+01
   43.958    9.449 1.2799462318e+01
   43.958    9.512 1.2302880287e+01
   43.958    9.575 1.2110009193e+01
   43.958    9.638 1.1920556068e+01
   43.958    9.701 1.1649071693e+01
   43.958    9.765 1.1439110756e+01
   43.958    9.828 1.1194970131e+01
   43.958    9.891 1.1067040443e+01
   43.958    9.954 1.1020653725e+01
   43.958   10.017 1.0997704506e+01
   43.958   10.080 1.0897118568e+01
   43.958   10.143 1.1028466225e+01
   43.958   10.206 6.1026849747e+00
   43.958   10.269 5.5631341934e+00
   43.958   10.332 6.6095209122e+00
   43.958   10.395 4.8448724747e+00
   43.958   10.458 4.7560052872e+00
   43.958   10.521 4.8897943497e+00
   43.958   10.584 4.6681146622e+00
   43.958   10.647 4.0948724747e+00
   43.958   10.710 5.1080560684e+00
   43.958   10.773 5.7545404434e+00
   43.958   10.836 6.1119623184e+00
   43.958   10.899 7.0011224747e+00
   43.958   10.962 6.4688959122e+00
   43.958   11.026 7.4156732559e+00
   43.958   11.089 6.3482904434e+00
   43.958   11.152 4.4698724747e+00
   43.958   11.215 3.9327630997e+00
   43.958   11.278 3.4669427872e+00
   43.958   11.341 3.8429193497e+00
   43.958   11.404 4.3658685684e+00
   43.958   11.467 4.7813959122e+00
   43.958   11.530 4.1700677872e+00
   43.958   11.593 2.4005365372e+00
   43.958   11.656 1.1930170059e+00
   43.958   11.719 1.2569818497e+00
   43.958   11.782 2.5206537247e+00
   43.958   11.845 2.6944818497e+00
   43.958   11.908 2.6407709122e+00
   43.958   11.971 2.5113763809e+00
   43.958   12.034 2.5587396622e+00
   43.958   12.097 4.1573724747e+00
   43.958   12.160 4.3678216934e+00
   43.958   12.223 3.7730951309e+00
   43.958   12.287 3.6969232559e+00
   43.958   12.350 4.0162591934e+00
   43.958   12.413 4.4791498184e+00
   43.958   12.476 5.1690912247e+00
   43.958   12.539 5.4234857559e+00
   43.958   12.602 5.1334466934e+00
   43.958   12.665 4.5123529434e+00
   43.958   12.728 4.4142084122e+00
   43.958   12.791 4.9225091934e+00
   43.958   12.854 7.5455560684e+00
   44.003    9.134 1.3709130287e+01
   44.003    9.197 1.3673974037e+01
   44.003    9.260 1.3445946693e+01
   44.003    9.323 1.3319970131e+01
   44.003    9.386 1.3104638100e+01
   44.003    9.449 1.2610985756e+01
   44.003    9.512 1.2316552162e+01
   44.003    9.575 1.2296044350e+01
   44.003    9.638 1.2248192787e+01
   44.003    9.701 1.2238427162e+01
   44.003    9.765 1.2106102943e+01
   44.003    9.828 1.1918114662e+01
   44.003    9.891 1.1773095131e+01
   44.003    9.954 1.1672997475e+01
   44.003   10.017 1.1486962318e+01
   44.003   10.080 1.1776024818e+01
   44.003   10.143 6.8790521622e+00
   44.003   10.206 5.8888177872e+00
   44.003   10.269 7.5201654434e+00
   44.003   10.332 4.7306146622e+00
   44.003   10.395 3.6270990372e+00
   44.003   10.458 4.3351068497e+00
   44.003   10.521 5.2687005997e+00
   44.003   10.584 3.6959466934e+00
   44.003   10.647 4.1368646622e+00
   44.003   10.710 4.3121576309e+00
   44.003   10.773 3.9522943497e+00
   44.003   10.836 4.6041498184e+00
   44.003   10.899 6.0929193497e+00
   44.003   10.962 5.9405755997e+00
   44.003   11.026 4.4942865372e+00
   44.003   11.089 3.3209466934e+00
   44.003   11.152 3.8648920059e+00
   44.003   11.215 4.2130365372e+00
   44.003   11.278 4.1607904434e+00
   44.003   11.341 4.8678216934e+00
   44.003   11.404 5.3707513809e+00
   44.003   11.467 5.2296380997e+00
   44.003   11.530 1.4171380997e+00
   44.003   11.593 1.4400873184e+00
   44.003   11.656 1.6954584122e+00
   44.003   11.719 1.9151849747e+00
   44.003   11.782 2.6383295059e+00
   44.003   11.845 2.5489740372e+00
   44.003   11.908 3.0123529434e+00
   44.003   11.971 3.4454584122e+00
   44.003   12.034 3.7887201309e+00
   44.003   12.097 4.0167474747e+00
   44.003   12.160 4.1002435684e+00
   44.003   12.223 3.9649896622e+00
   44.003   12.287 4.0235834122e+00
   44.003   12.350 4.7975091934e+00
   44.003   12.413 4.9527826309e+00
   44.003   12.476 4.9117670059e+00
   44.003   12.539 4.8888177872e+00
   44.003   12.602 4.3995599747e+00
   44.003   12.665 6.8219232559e+00
   44.003   12.728 7.4200677872e+00
   44.003   12.791 7.8478021622e+00
   44.003   12.854 8.1251459122e+00
   44.048    9.134 1.4053368568e+01
   44.048    9.197 1.3618798256e+01
   44.048    9.260 1.3628075600e+01
   44.048    9.323 1.3373681068e+01
   44.048    9.386 1.2991356850e+01
   44.048    9.449 1.2708153725e+01
   44.048    9.512 1.2459130287e+01
   44.048    9.575 1.2240868568e+01
   44.048    9.638 1.2221825600e+01
   44.048    9.701 1.2163720131e+01
   44.048    9.765 1.1841454506e+01
   44.048    9.828 1.1073876381e+01
   44.048    9.891 1.0880517006e+01
   44.048    9.954 1.0510888100e+01
   44.048   10.017 1.0753563881e+01
   44.048   10.080 7.3155755997e+00
   44.048   10.143 6.2525873184e+00
   44.048   10.206 5.6358880997e+00
   44.048   10.269 3.8829584122e+00
   44.048   10.332 3.0113763809e+00
   44.048   10.395 3.1544427872e+00
   44.048   10.458 4.2496576309e+00
   44.048   10.521 6.0602045059e+00
   44.048   10.584 4.4859857559e+00
   44.048   10.647 4.5196771622e+00
   44.048   10.710 4.1227045059e+00
   44.048   10.773 3.4635248184e+00
   44.048   10.836 3.7437982559e+00
   44.048   10.899 3.4386224747e+00
   44.048   10.962 1.6339349747e+00
   44.048   11.026 4.1225528717e-01
   44.048   11.089 1.0802240372e+00
   44.048   11.152 3.3307123184e+00
   44.048   11.215 4.6925287247e+00
   44.048   11.278 4.5528802872e+00
   44.048   11.341 4.6026849747e+00
   44.048   11.404 3.9620599747e+00
   44.048   11.467 2.7525873184e+00
   44.048   11.530 1.4962396622e+00
   44.048   11.593 1.7120599747e+00
   44.048   11.656 2.1798334122e+00
   44.048   11.719 2.1446771622e+00
   44.048   11.782 2.2955560684e+00
   44.048   11.845 2.7853021622e+00
   44.048   11.908 3.4518060684e+00
   44.048   11.971 3.9044427872e+00
   44.048   12.034 4.0816888809e+00
   44.048   12.097 4.1725091934e+00
   44.048   12.160 3.8512201309e+00
   44.048   12.223 4.1617670059e+00
   44.048   12.287 4.6358880997e+00
   44.048   12.350 5.2706537247e+00
   44.048   12.413 4.9972162247e+00
   44.048   12.476 4.6080560684e+00
   44.048   12.539 4.0128412247e+00
   44.048   12.602 6.7057123184e+00
   44.048   12.665 7.4439935684e+00
   44.048   12.728 7.8409662247e+00
   44.048   12.791 8.0631341934e+00
   44.048   12.854 8.3712396622e+00
   44.093    9.134 1.3947411537e+01
   44.093    9.197 1.3362938881e+01
   44.093    9.260 1.3421044350e+01
   44.093    9.323 1.3472802162e+01
   44.093    9.386 1.3653466225e+01
   44.093    9.449 1.3517235756e+01
   44.093    9.512 1.3308251381e+01
   44.093    9.575 1.3207177162e+01
   44.093    9.638 1.3422997475e+01
   44.093    9.701 1.3781884193e+01
   44.093    9.765 1.2040184975e+01
   44.093    9.828 7.7340326309e+00
   44.093    9.891 1.0046044350e+01
   44.093    9.954 7.5997552872e+00
   44.093   10.017 7.5895013809e+00
   44.093   10.080 8.4254388809e+00
   44.093   10.143 4.7086420059e+00
   44.093   10.206 3.6583490372e+00
   44.093   10.269 2.7306146622e+00
   44.093   10.332 1.5006341934e+00
   44.093   10.395 4.9059076309e+00
   44.093   10.458 5.3551263809e+00
   44.093   10.521 4.5313959122e+00
   44.093   10.584 3.7828607559e+00
   44.093   10.647 2.6056146622e+00
   44.093   10.710 2.7784662247e+00
   44.093   10.773 2.6183099747e+00
   44.093   10.836 1.2691888809e+00
   44.093   10.899 6.3149356842e-01
   44.093   10.962 4.7426700592e-01
   44.093   11.026 7.7407169342e-01
   44.093   11.089 8.1801700592e-01
   44.093   11.152 1.7003412247e+00
   44.093   11.215 2.8683099747e+00
   44.093   11.278 3.1183099747e+00
   44.093   11.341 2.9542474747e+00
   44.093   11.404 2.0191888809e+00
   44.093   11.467 1.2877435684e+00
   44.093   11.530 1.7081537247e+00
   44.093   11.593 2.0738763809e+00
   44.093   11.656 2.4923334122e+00
   44.093   11.719 2.5914545059e+00
   44.093   11.782 2.5343255997e+00
   44.093   11.845 2.5846185684e+00
   44.093   11.908 3.5221185684e+00
   44.093   11.971 4.9796380997e+00
   44.093   12.034 4.4679193497e+00
   44.093   12.097 4.1554193497e+00
   44.093   12.160 4.1061029434e+00
   44.093   12.223 4.3868646622e+00
   44.093   12.287 4.9234857559e+00
   44.093   12.350 5.0006341934e+00
   44.093   12.413 4.5069818497e+00
   44.093   12.476 4.1080560684e+00
   44.093   12.539 6.4972162247e+00
   44.093   12.602 7.2091302872e+00
   44.093   12.665 7.6725091934e+00
   44.093   12.728 7.9801263809e+00
   44.093   12.791 8.2643060684e+00
   44.093   12.854 8.6305170059e+00
   44.138    9.134 1.3801903725e+01
   44.138    9.197 1.3294091225e+01
   44.138    9.260 1.3098778725e+01
   44.138    9.323 1.2825341225e+01
   44.138    9.386 1.2833642006e+01
   44.138    9.449 1.3045067787e+01
   44.138    9.512 1.2947899818e+01
   44.138    9.575 1.2663231850e+01
   44.138    9.638 1.2662255287e+01
   44.138    9.701 1.1340966225e+01
   44.138    9.765 7.7037591934e+00
   44.138    9.828 6.5938959122e+00
   44.138    9.891 7.2745599747e+00
   44.138    9.954 7.6964349747e+00
   44.138   10.017 7.0626459122e+00
   44.138   10.080 5.7145013809e+00
   44.138   10.143 5.9020013809e+00
   44.138   10.206 2.6437005997e+00
   44.138   10.269 2.3819818497e+00
   44.138   10.332 3.3145990372e+00
   44.138   10.395 4.9073724747e+00
   44.138   10.458 4.8282709122e+00
   44.138   10.521 3.4508295059e+00
   44.138   10.584 4.5229434967e-01
   44.138   10.647 5.0287246704e-03
   44.138   10.710 1.8715763092e-01
   44.138   10.773 2.0913028717e-01
   44.138   10.836 -4.4223690033e-01
   44.138   10.899 -4.1098690033e-01
   44.138   10.962 1.7999505997e+00
   44.138   11.026 1.9347162247e+00
   44.138   11.089 9.6157169342e-01
   44.138   11.152 7.4526309967e-01
   44.138   11.215 8.2875919342e-01
   44.138   11.278 1.0094232559e+00
   44.138   11.341 1.2784662247e+00
   44.138   11.404 2.0143060684e+00
   44.138   11.467 1.5475091934e+00
   44.138   11.530 1.7081537247e+00
   44.138   11.593 2.2745599747e+00
   44.138   11.656 2.6773920059e+00
   44.138   11.719 3.1227045059e+00
   44.138   11.782 3.0924310684e+00
   44.138   11.845 3.1275873184e+00
   44.138   11.908 3.8331537247e+00
   44.138   11.971 4.6046380997e+00
   44.138   12.034 4.7442865372e+00
   44.138   12.097 4.4649896622e+00
   44.138   12.160 4.5270013809e+00
   44.138   12.223 4.6319818497e+00
   44.138   12.287 4.4933099747e+00
   44.138   12.350 4.3326654434e+00
   44.138   12.413 4.1310052872e+00
   44.138   12.476 3.7745599747e+00
   44.138   12.539 6.2560052872e+00
   44.138   12.602 7.0270013809e+00
   44.138   12.665 7.5338373184e+00
   44.138   12.728 7.9327630997e+00
   44.138   12.791 8.6295404434e+00
   44.138   12.854 8.9630365372e+00
   44.183    9.134 1.3730126381e+01
   44.183    9.197 1.3325341225e+01
   44.183    9.260 1.3114403725e+01
   44.183    9.323 1.2897606850e+01
   44.183    9.386 1.2723290443e+01
   44.183    9.449 1.2811181068e+01
   44.183    9.512 1.3054833412e+01
   44.183    9.575 1.2484032631e+01
   44.183    9.638 7.3878412247e+00
   44.183    9.701 5.7569818497e+00
   44.183    9.765 4.8092279434e+00
   44.183    9.828 6.5250482559e+00
   44.183    9.891 7.7091302872e+00
   44.183    9.954 6.8370599747e+00
   44.183   10.017 5.3580560684e+00
   44.183   10.080 4.9259271622e+00
   44.183   10.143 4.3385248184e+00
   44.183   10.206 3.4132318497e+00
   44.183   10.269 3.5748529434e+00
   44.183   10.332 4.4322748184e+00
   44.183   10.395 4.7760248184e+00
   44.183   10.458 2.6515130997e+00
   44.183   10.521 1.9301700592e-01
   44.183   10.584 -1.8387212753e+00
   44.183   10.647 -1.7776861191e+00
   44.183   10.710 -1.2981939316e+00
   44.183   10.773 -1.4124517441e+00
   44.183   10.836 -4.4077205658e-01
   44.183   10.899 1.3487787247e+00
   44.183   10.962 2.5304193497e+00
   44.183   11.026 2.3194818497e+00
   44.183   11.089 1.8673334122e+00
   44.183   11.152 1.8355951309e+00
   44.183   11.215 9.4936466217e-01
   44.183   11.278 5.4555606842e-01
   44.183   11.341 9.0834903717e-01
   44.183   11.404 2.2545404434e+00
   44.183   11.467 2.4698724747e+00
   44.183   11.530 2.6788568497e+00
   44.183   11.593 2.2960443497e+00
   44.183   11.656 2.2413568497e+00
   44.183   11.719 3.3956537247e+00
   44.183   11.782 4.6637201309e+00
   44.183   11.845 4.4049310684e+00
   44.183   11.908 4.5221185684e+00
   44.183   11.971 4.6744623184e+00
   44.183   12.034 4.2848138809e+00
   44.183   12.097 3.9913568497e+00
   44.183   12.160 3.8985834122e+00
   44.183   12.223 3.8668451309e+00
   44.183   12.287 3.8087396622e+00
   44.183   12.350 3.6681146622e+00
   44.183   12.413 3.5641107559e+00
   44.183   12.476 6.0802240372e+00
   44.183   12.539 6.9425287247e+00
   44.183   12.602 7.4967279434e+00
   44.183   12.665 7.8985834122e+00
   44.183   12.728 8.2311029434e+00
   44.183   12.791 8.5328607559e+00
   44.183   12.854 8.8590326309e+00
   44.228    9.134 1.3810692787e+01
   44.228    9.197 1.3400536537e+01
   44.228    9.260 1.3079735756e+01
   44.228    9.323 1.2941063881e+01
   44.228    9.386 1.2667626381e+01
   44.228    9.449 1.2778954506e+01
   44.228    9.512 1.2500634193e+01
   44.228    9.575 8.0768060684e+00
   44.228    9.638 6.2662591934e+00
   44.228    9.701 4.0353021622e+00
   44.228    9.765 5.3097162247e+00
   44.228    9.828 7.6969232559e+00
   44.228    9.891 6.9552240372e+00
   44.228    9.954 6.2813959122e+00
   44.228   10.017 4.7516107559e+00
   44.228   10.080 4.9395990372e+00
   44.228   10.143 5.2008295059e+00
   44.228   10.206 4.2716302872e+00
   44.228   10.269 3.0797357559e+00
   44.228   10.332 2.6261224747e+00
   44.228   10.395 1.9752435684e+00
   44.228   10.458 7.0717716217e-01
   44.228   10.521 -1.4134283066e+00
   44.228   10.584 -8.3042049408e-01
   44.228   10.647 -1.0311040878e+00
   44.228   10.710 -1.2073736191e+00
   44.228   10.773 -8.2373619080e-02
   44.228   10.836 2.4811029434e+00
   44.228   10.899 2.2677240372e+00
   44.228   10.962 1.8414545059e+00
   44.228   11.026 2.1544427872e+00
   44.228   11.089 2.4937982559e+00
   44.228   11.152 2.8824701309e+00
   44.228   11.215 2.3731927872e+00
   44.228   11.278 1.6871576309e+00
   44.228   11.341 1.4107904434e+00
   44.228   11.404 2.0006341934e+00
   44.228   11.467 2.7511224747e+00
   44.228   11.530 2.2091302872e+00
   44.228   11.593 3.3282709122e+00
   44.228   11.656 3.8473138809e+00
   44.228   11.719 4.3087396622e+00
   44.228   11.782 4.4586420059e+00
   44.228   11.845 4.5519037247e+00
   44.228   11.908 4.3385248184e+00
   44.228   11.971 4.0060052872e+00
   44.228   12.034 3.7647943497e+00
   44.228   12.097 3.5050287247e+00
   44.228   12.160 3.3907709122e+00
   44.228   12.223 3.3766107559e+00
   44.228   12.287 3.4229974747e+00
   44.228   12.350 3.3165521622e+00
   44.228   12.413 5.9835443497e+00
   44.228   12.476 6.8414545059e+00
   44.228   12.539 7.3214349747e+00
   44.228   12.602 7.7599115372e+00
   44.228   12.665 8.0875482559e+00
   44.228   12.728 8.3736810684e+00
   44.228   12.791 8.6783685684e+00
   44.228   12.854 8.9840326309e+00
   44.273    9.134 1.3755517006e+01
   44.273    9.197 1.3730614662e+01
   44.273    9.260 1.3203270912e+01
   44.273    9.323 1.2971337318e+01
   44.273    9.386 1.2799462318e+01
   44.273    9.449 9.5421380997e+00
   44.273    9.512 7.7643060684e+00
   44.273    9.575 5.6603021622e+00
   44.273    9.638 6.0572748184e+00
   44.273    9.701 5.9391107559e+00
   44.273    9.765 5.6754388809e+00
   44.273    9.828 5.4073724747e+00
   44.273    9.891 5.4015130997e+00
   44.273    9.954 5.5470209122e+00
   44.273   10.017 5.9366693497e+00
   44.273   10.080 5.5240716934e+00
   44.273   10.143 5.0299310684e+00
   44.273   10.206 3.3976068497e+00
   44.273   10.269 1.5206537247e+00
   44.273   10.332 6.9838809967e-01
   44.273   10.395 -3.9536190033e-01
   44.273   10.458 -1.2547369003e+00
   44.273   10.521 -3.3042049408e-01
   44.273   10.584 -6.3266658783e-01
   44.273   10.647 -8.0844783783e-01
   44.273   10.710 -3.3481502533e-01
   44.273   10.773 1.6935052872e+00
   44.273   10.836 3.2906732559e+00
   44.273   10.899 2.4200677872e+00
   44.273   10.962 1.3067865372e+00
   44.273   11.026 1.6983880997e+00
   44.273   11.089 2.0929193497e+00
   44.273   11.152 2.9742670059e+00
   44.273   11.215 2.8116693497e+00
   44.273   11.278 1.7901849747e+00
   44.273   11.341 2.0753412247e+00
   44.273   11.404 2.0973138809e+00
   44.273   11.467 2.7071771622e+00
   44.273   11.530 3.2618646622e+00
   44.273   11.593 4.2188959122e+00
   44.273   11.656 4.4825677872e+00
   44.273   11.719 4.3512201309e+00
   44.273   11.782 4.3985834122e+00
   44.273   11.845 4.2950677872e+00
   44.273   11.908 3.9098138809e+00
   44.273   11.971 3.5846185684e+00
   44.273   12.034 3.4845209122e+00
   44.273   12.097 3.4669427872e+00
   44.273   12.160 3.4425287247e+00
   44.273   12.223 3.4278802872e+00
   44.273   12.287 3.5641107559e+00
   44.273   12.350 3.4747552872e+00
   44.273   12.413 6.0533685684e+00
   44.273   12.476 6.8585443497e+00
   44.273   12.539 7.3443841934e+00
   44.273   12.602 7.7989740372e+00
   44.273   12.665 8.1900873184e+00
   44.273   12.728 8.5045404434e+00
   44.273   12.791 8.8624505997e+00
   44.273   12.854 9.1993646622e+00
   44.318    9.134 1.3290184975e+01
   44.318    9.197 1.3304833412e+01
   44.318    9.260 1.3814110756e+01
   44.318    9.323 1.3114403725e+01
   44.318    9.386 9.6373529434e+00
   44.318    9.449 8.1686029434e+00
   44.318    9.512 5.4684076309e+00
   44.318    9.575 3.9415521622e+00
   44.318    9.638 6.4220209122e+00
   44.318    9.701 6.3004388809e+00
   44.318    9.765 4.8028802872e+00
   44.318    9.828 4.1085443497e+00
   44.318    9.891 5.3438959122e+00
   44.318    9.954 5.4532709122e+00
   44.318   10.017 5.3385248184e+00
   44.318   10.080 4.3614740372e+00
   44.318   10.143 1.9303216934e+00
   44.318   10.206 3.6928653717e-01
   44.318   10.269 -1.2146978378e+00
   44.318   10.332 -1.1248540878e+00
   44.318   10.395 -8.9243221283e-01
   44.318   10.458 1.0888099670e-02
   44.318   10.521 1.5758295059e+00
   44.318   10.584 1.1700677872e+00
   44.318   10.647 6.4809513092e-01
   44.318   10.710 7.4623966217e-01
   44.318   10.773 1.9820795059e+00
   44.318   10.836 2.5689935684e+00
   44.318   10.899 2.2208490372e+00
   44.318   10.962 1.8292474747e+00
   44.318   11.026 1.3102045059e+00
   44.318   11.089 2.3907709122e+00
   44.318   11.152 2.1642084122e+00
   44.318   11.215 3.0680170059e+00
   44.318   11.278 2.8932123184e+00
   44.318   11.341 2.9557123184e+00
   44.318   11.404 3.4376459122e+00
   44.318   11.467 2.8697748184e+00
   44.318   11.530 3.7394037247e+00
   44.318   11.593 4.6310052872e+00
   44.318   11.656 4.8678216934e+00
   44.318   11.719 4.4659662247e+00
   44.318   11.782 4.1085443497e+00
   44.318   11.845 3.8390130997e+00
   44.318   11.908 3.6617670059e+00
   44.318   11.971 3.5313959122e+00
   44.318   12.034 3.5650873184e+00
   44.318   12.097 3.4615716934e+00
   44.318   12.160 3.4962396622e+00
   44.318   12.223 3.4542474747e+00
   44.318   12.287 3.5030755997e+00
   44.318   12.350 3.4283685684e+00
   44.318   12.413 6.2687005997e+00
   44.318   12.476 7.1480951309e+00
   44.318   12.539 7.6778802872e+00
   44.318   12.602 8.1236810684e+00
   44.318   12.665 8.4664545059e+00
   44.318   12.728 8.8126459122e+00
   44.318   12.791 9.1417474747e+00
   44.318   12.854 9.4098138809e+00
   44.363    9.134 1.3049462318e+01
   44.363    9.197 8.5938959122e+00
   44.363    9.260 9.4293451309e+00
   44.363    9.323 9.7101068497e+00
   44.363    9.386 8.9430170059e+00
   44.363    9.449 6.4229974747e+00
   44.363    9.512 3.9425287247e+00
   44.363    9.575 4.0167474747e+00
   44.363    9.638 5.0909662247e+00
   44.363    9.701 2.8082513809e+00
   44.363    9.765 2.3092279434e+00
   44.363    9.828 2.7823724747e+00
   44.363    9.891 5.4176263809e+00
   44.363    9.954 5.4039545059e+00
   44.363   10.017 5.0645990372e+00
   44.363   10.080 1.0284662247e+00
   44.363   10.143 -9.7251033783e-01
   44.363   10.206 -8.9975643158e-01
   44.363   10.269 -6.6196346283e-01
   44.363   10.332 -1.2876033783e-01
   44.363   10.395 1.4264154434e+00
   44.363   10.458 2.2794427872e+00
   44.363   10.521 2.9898920059e+00
   44.363   10.584 3.0562982559e+00
   44.363   10.647 2.1070795059e+00
   44.363   10.710 1.8326654434e+00
   44.363   10.773 1.5050287247e+00
   44.363   10.836 2.1344232559e+00
   44.363   10.899 2.8697748184e+00
   44.363   10.962 3.0890130997e+00
   44.363   11.026 2.2105951309e+00
   44.363   11.089 2.2545404434e+00
   44.363   11.152 2.2047357559e+00
   44.363   11.215 3.1207513809e+00
   44.363   11.278 4.2179193497e+00
   44.363   11.341 3.4840326309e+00
   44.363   11.404 3.8292474747e+00
   44.363   11.467 3.7799310684e+00
   44.363   11.530 4.2354974747e+00
   44.363   11.593 5.1144037247e+00
   44.363   11.656 4.7784662247e+00
   44.363   11.719 4.2535638809e+00
   44.363   11.782 3.9322748184e+00
   44.363   11.845 3.6515130997e+00
   44.363   11.908 3.5538568497e+00
   44.363   11.971 3.4684076309e+00
   44.363   12.034 3.6124505997e+00
   44.363   12.097 3.6847162247e+00
   44.363   12.160 3.6495599747e+00
   44.363   12.223 3.6236810684e+00
   44.363   12.287 3.2394037247e+00
   44.363   12.350 6.1842279434e+00
   44.363   12.413 7.1270990372e+00
   44.363   12.476 7.7291498184e+00
   44.363   12.539 8.1334466934e+00
   44.363   12.602 8.4444818497e+00
   44.363   12.665 8.7306146622e+00
   44.363   12.728 9.0099115372e+00
   44.363   12.791 9.2936029434e+00
   44.363   12.854 9.5885248184e+00
   44.408    9.134 8.5289545059e+00
   44.408    9.197 8.2437982559e+00
   44.408    9.260 7.7037591934e+00
   44.408    9.323 8.8722162247e+00
   44.408    9.386 7.2042474747e+00
   44.408    9.449 5.7086420059e+00
   44.408    9.512 3.6715326309e+00
   44.408    9.575 3.0504388809e+00
   44.408    9.638 2.6520013809e+00
   44.408    9.701 -1.0434627533e-01
   44.408    9.765 -6.4292049408e-01
   44.408    9.828 1.2271966934e+00
   44.408    9.891 4.7130365372e+00
   44.408    9.954 4.6515130997e+00
   44.408   10.017 1.0440912247e+00
   44.408   10.080 -7.5961971283e-01
   44.408   10.143 -7.6401424408e-01
   44.408   10.206 5.2700138092e-01
   44.408   10.269 7.7846622467e-01
   44.408   10.332 1.2354974747e+00
   44.408   10.395 2.1529779434e+00
   44.408   10.458 2.4439935684e+00
   44.408   10.521 2.4684076309e+00
   44.408   10.584 2.8756341934e+00
   44.408   10.647 3.2140130997e+00
   44.408   10.710 2.5577630997e+00
   44.408   10.773 1.8717279434e+00
   44.408   10.836 2.2721185684e+00
   44.408   10.899 3.0084466934e+00
   44.408   10.962 3.2213373184e+00
   44.408   11.026 3.0523920059e+00
   44.408   11.089 2.7892084122e+00
   44.408   11.152 2.5230951309e+00
   44.408   11.215 3.1388177872e+00
   44.408   11.278 3.7809076309e+00
   44.408   11.341 3.5587396622e+00
   44.408   11.404 3.8155755997e+00
   44.408   11.467 4.2198724747e+00
   44.408   11.530 4.8219232559e+00
   44.408   11.593 4.5797357559e+00
   44.408   11.656 4.1168451309e+00
   44.408   11.719 3.9522943497e+00
   44.408   11.782 3.8370599747e+00
   44.408   11.845 3.6500482559e+00
   44.408   11.908 3.6061029434e+00
   44.408   11.971 3.5626459122e+00
   44.408   12.034 3.6451654434e+00
   44.408   12.097 3.7364740372e+00
   44.408   12.160 3.6178216934e+00
   44.408   12.223 3.7120599747e+00
   44.408   12.287 3.4659662247e+00
   44.408   12.350 6.3687982559e+00
   44.408   12.413 7.3155755997e+00
   44.408   12.476 7.8702630997e+00
   44.408   12.539 8.2252435684e+00
   44.408   12.602 8.5157709122e+00
   44.408   12.665 8.8341302872e+00
   44.408   12.728 9.1759271622e+00
   44.408   12.791 9.5274896622e+00
   44.408   12.854 9.9146966934e+00
   44.453    9.134 6.5753412247e+00
   44.453    9.197 6.5450677872e+00
   44.453    9.260 5.5396966934e+00
   44.453    9.323 5.1051263809e+00
   44.453    9.386 5.3780755997e+00
   44.453    9.449 3.9684076309e+00
   44.453    9.512 2.5103998184e+00
   44.453    9.575 1.2213373184e+00
   44.453    9.638 1.6231927872e+00
   44.453    9.701 4.6205997467e-01
   44.453    9.765 1.9448184967e-01
   44.453    9.828 4.1616153717e-01
   44.453    9.891 2.6676263809e+00
   44.453    9.954 2.2027826309e+00
   44.453   10.017 5.9780216217e-01
   44.453   10.080 1.0122013092e-01
   44.453   10.143 4.5522403717e-01
   44.453   10.206 1.1515130997e+00
   44.453   10.269 1.7057123184e+00
   44.453   10.332 1.9020013809e+00
   44.453   10.395 2.3189935684e+00
   44.453   10.458 2.3307123184e+00
   44.453   10.521 2.1246576309e+00
   44.453   10.584 2.9459466934e+00
   44.453   10.647 3.8780755997e+00
   44.453   10.710 3.6876459122e+00
   44.453   10.773 2.8033685684e+00
   44.453   10.836 2.9283685684e+00
   44.453   10.899 3.5958490372e+00
   44.453   10.962 4.2081537247e+00
   44.453   11.026 4.6778802872e+00
   44.453   11.089 4.5162591934e+00
   44.453   11.152 4.0069818497e+00
   44.453   11.215 4.2721185684e+00
   44.453   11.278 4.2286615372e+00
   44.453   11.341 3.8922357559e+00
   44.453   11.404 4.1329584122e+00
   44.453   11.467 4.7608880997e+00
   44.453   11.530 5.0313959122e+00
   44.453   11.593 4.0841302872e+00
   44.453   11.656 3.9737787247e+00
   44.453   11.719 3.9742670059e+00
   44.453   11.782 3.8604974747e+00
   44.453   11.845 3.7140130997e+00
   44.453   11.908 3.6573724747e+00
   44.453   11.971 3.5753412247e+00
   44.453   12.034 3.5489740372e+00
   44.453   12.097 3.6808099747e+00
   44.453   12.160 3.7853021622e+00
   44.453   12.223 3.7423334122e+00
   44.453   12.287 3.7999505997e+00
   44.453   12.350 6.6363763809e+00
   44.453   12.413 7.4796380997e+00
   44.453   12.476 8.0504388809e+00
   44.453   12.539 8.4435052872e+00
   44.453   12.602 8.8170404434e+00
   44.453   12.665 9.1886224747e+00
   44.453   12.728 9.5333490372e+00
   44.453   12.791 9.8678216934e+00
   44.453   12.854 1.0047997475e+01
   44.498    9.134 5.4552240372e+00
   44.498    9.197 4.6197748184e+00
   44.498    9.260 2.9083490372e+00
   44.498    9.323 2.4205560684e+00
   44.498    9.386 3.3287591934e+00
   44.498    9.449 2.6612787247e+00
   44.498    9.512 1.3082513809e+00
   44.498    9.575 1.1158685684e+00
   44.498    9.638 2.1183099747e+00
   44.498    9.701 1.6534662247e+00
   44.498    9.765 1.0050287247e+00
   44.498    9.828 4.3959903717e-01
   44.498    9.891 7.0082950592e-01
   44.498    9.954 1.1588373184e+00
   44.498   10.017 8.9711856842e-01
   44.498   10.080 6.2270450592e-01
   44.498   10.143 9.7914981842e-01
   44.498   10.206 1.2374505997e+00
   44.498   10.269 2.1759271622e+00
   44.498   10.332 2.9186029434e+00
   44.498   10.395 3.1739740372e+00
   44.498   10.458 2.4859857559e+00
   44.498   10.521 2.2716302872e+00
   44.498   10.584 3.0636224747e+00
   44.498   10.647 3.3756341934e+00
   44.498   10.710 3.5694818497e+00
   44.498   10.773 3.5748529434e+00
   44.498   10.836 3.6471185684e+00
   44.498   10.899 4.8336420059e+00
   44.498   10.962 5.4024896622e+00
   44.498   11.026 5.0831537247e+00
   44.498   11.089 4.8922357559e+00
   44.498   11.152 4.8170404434e+00
   44.498   11.215 4.6300287247e+00
   44.498   11.278 4.4879388809e+00
   44.498   11.341 4.3653802872e+00
   44.498   11.404 4.5182123184e+00
   44.498   11.467 4.5050287247e+00
   44.498   11.530 4.3092279434e+00
   44.498   11.593 3.9879388809e+00
   44.498   11.656 4.0128412247e+00
   44.498   11.719 3.9483880997e+00
   44.498   11.782 3.7354974747e+00
   44.498   11.845 3.6871576309e+00
   44.498   11.908 3.7110834122e+00
   44.498   11.971 3.5958490372e+00
   44.498   12.034 3.6056146622e+00
   44.498   12.097 3.7462396622e+00
   44.498   12.160 3.9010248184e+00
   44.498   12.223 3.7599115372e+00
   44.498   12.287 6.2887201309e+00
   44.498   12.350 7.1778802872e+00
   44.498   12.413 7.8658685684e+00
   44.498   12.476 8.4181146622e+00
   44.498   12.539 8.8404779434e+00
   44.498   12.602 9.1817865372e+00
   44.498   12.665 9.4825677872e+00
   44.498   12.728 9.7120599747e+00
   44.498   12.791 9.8214349747e+00
   44.498   12.854 9.8282709122e+00
   44.543    9.134 4.0777826309e+00
   44.543    9.197 2.5724115372e+00
   44.543    9.260 1.5250482559e+00
   44.543    9.323 1.1935052872e+00
   44.543    9.386 1.4972162247e+00
   44.543    9.449 1.2462396622e+00
   44.543    9.512 1.0888099670e-02
   44.543    9.575 2.4086856842e-01
   44.543    9.638 2.0411615372e+00
   44.543    9.701 1.3692865372e+00
   44.543    9.765 1.0597162247e+00
   44.543    9.828 8.3022403717e-01
   44.543    9.891 1.2574701309e+00
   44.543    9.954 1.5489740372e+00
   44.543   10.017 1.4527826309e+00
   44.543   10.080 8.9760684967e-01
   44.543   10.143 1.2853021622e+00
   44.543   10.206 2.4640130997e+00
   44.543   10.269 2.8150873184e+00
   44.543   10.332 4.0699701309e+00
   44.543   10.395 4.2047357559e+00
   44.543   10.458 3.6715326309e+00
   44.543   10.521 2.9083490372e+00
   44.543   10.584 3.8746576309e+00
   44.543   10.647 3.9928216934e+00
   44.543   10.710 4.5509271622e+00
   44.543   10.773 4.7989740372e+00
   44.543   10.836 5.0968255997e+00
   44.543   10.899 5.1637201309e+00
   44.543   10.962 5.0309076309e+00
   44.543   11.026 4.7242670059e+00
   44.543   11.089 4.6822748184e+00
   44.543   11.152 4.6480951309e+00
   44.543   11.215 4.4659662247e+00
   44.543   11.278 4.2877435684e+00
   44.543   11.341 4.2320795059e+00
   44.543   11.404 4.1974115372e+00
   44.543   11.467 3.9703607559e+00
   44.543   11.530 3.9718255997e+00
   44.543   11.593 3.7799310684e+00
   44.543   11.656 3.8185052872e+00
   44.543   11.719 3.8072748184e+00
   44.543   11.782 3.6666498184e+00
   44.543   11.845 3.6978998184e+00
   44.543   11.908 3.7047357559e+00
   44.543   11.971 3.6524896622e+00
   44.543   12.034 3.5670404434e+00
   44.543   12.097 3.7423334122e+00
   44.543   12.160 4.0240716934e+00
   44.543   12.223 4.5636224747e+00
   44.543   12.287 4.7960443497e+00
   44.543   12.350 7.3907709122e+00
   44.543   12.413 8.3307123184e+00
   44.543   12.476 8.8209466934e+00
   44.543   12.539 9.1270990372e+00
   44.543   12.602 9.3316888809e+00
   44.543   12.665 9.4552240372e+00
   44.543   12.728 9.5509271622e+00
   44.543   12.791 9.5797357559e+00
   44.543   12.854 9.6632318497e+00
   44.588    9.134 3.0885248184e+00
   44.588    9.197 1.5929193497e+00
   44.588    9.260 1.7579584122e+00
   44.588    9.323 1.1593255997e+00
   44.588    9.386 1.5645990372e+00
   44.588    9.449 1.4425287247e+00
   44.588    9.512 2.8466224670e-02
   44.588    9.575 -5.1611900330e-02
   44.588    9.638 1.1964349747e+00
   44.588    9.701 1.5465326309e+00
   44.588    9.765 9.2153263092e-01
   44.588    9.828 1.4161615372e+00
   44.588    9.891 2.0123529434e+00
   44.588    9.954 2.7076654434e+00
   44.588   10.017 1.6051263809e+00
   44.588   10.080 1.6495599747e+00
   44.588   10.143 1.7779779434e+00
   44.588   10.206 2.6446771622e+00
   44.588   10.269 4.2916498184e+00
   44.588   10.332 4.4083490372e+00
   44.588   10.395 5.1603021622e+00
   44.588   10.458 4.9171380997e+00
   44.588   10.521 4.4513177872e+00
   44.588   10.584 4.8971185684e+00
   44.588   10.647 5.4273920059e+00
   44.588   10.710 4.8868646622e+00
   44.588   10.773 4.8727045059e+00
   44.588   10.836 4.7765130997e+00
   44.588   10.899 4.6490716934e+00
   44.588   10.962 4.4449701309e+00
   44.588   11.026 4.3243646622e+00
   44.588   11.089 4.1798334122e+00
   44.588   11.152 4.0885248184e+00
   44.588   11.215 3.9527826309e+00
   44.588   11.278 3.9332513809e+00
   44.588   11.341 3.8028802872e+00
   44.588   11.404 3.6104974747e+00
   44.588   11.467 3.6363763809e+00
   44.588   11.530 3.7096185684e+00
   44.588   11.593 3.6944818497e+00
   44.588   11.656 3.6329584122e+00
   44.588   11.719 3.6153802872e+00
   44.588   11.782 3.6266107559e+00
   44.588   11.845 3.7066888809e+00
   44.588   11.908 3.6983880997e+00
   44.588   11.971 3.6412591934e+00
   44.588   12.034 3.5592279434e+00
   44.588   12.097 3.6031732559e+00
   44.588   12.160 6.5382318497e+00
   44.588   12.223 7.4679193497e+00
   44.588   12.287 7.9342279434e+00
   44.588   12.350 8.2628412247e+00
   44.588   12.413 8.4635248184e+00
   44.588   12.476 8.7154779434e+00
   44.588   12.539 8.9859857559e+00
   44.588   12.602 9.1495599747e+00
   44.588   12.665 9.2628412247e+00
   44.588   12.728 9.3766107559e+00
   44.588   12.791 9.4439935684e+00
   44.588   12.854 9.6944818497e+00
   44.633    9.134 2.6778802872e+00
   44.633    9.197 1.6524896622e+00
   44.633    9.260 1.3106927872e+00
   44.633    9.323 1.4200677872e+00
   44.633    9.386 1.4762201309e+00
   44.633    9.449 1.4898920059e+00
   44.633    9.512 7.2524356842e-01
   44.633    9.575 3.4780216217e-01
   44.633    9.638 1.3487787247e+00
   44.633    9.701 2.1334466934e+00
   44.633    9.765 1.6046380997e+00
   44.633    9.828 1.7882318497e+00
   44.633    9.891 2.3194818497e+00
   44.633    9.954 3.0914545059e+00
   44.633   10.017 2.8888177872e+00
   44.633   10.080 2.1466302872e+00
   44.633   10.143 3.3600091934e+00
   44.633   10.206 3.2877435684e+00
   44.633   10.269 4.6300287247e+00
   44.633   10.332 5.1305170059e+00
   44.633   10.395 5.3663568497e+00
   44.633   10.458 5.7237787247e+00
   44.633   10.521 5.2237787247e+00
   44.633   10.584 6.2906732559e+00
   44.633   10.647 6.5006341934e+00
   44.633   10.710 5.1852045059e+00
   44.633   10.773 4.7560052872e+00
   44.633   10.836 4.4454584122e+00
   44.633   10.899 4.1397943497e+00
   44.633   10.962 3.9659662247e+00
   44.633   11.026 3.8326654434e+00
   44.633   11.089 3.8341302872e+00
   44.633   11.152 3.7340326309e+00
   44.633   11.215 3.8106927872e+00
   44.633   11.278 3.9205560684e+00
   44.633   11.341 3.7579584122e+00
   44.633   11.404 3.5982904434e+00
   44.633   11.467 3.6153802872e+00
   44.633   11.530 3.5904779434e+00
   44.633   11.593 3.5768060684e+00
   44.633   11.656 3.4767084122e+00
   44.633   11.719 3.5714349747e+00
   44.633   11.782 3.6241693497e+00
   44.633   11.845 3.7447748184e+00
   44.633   11.908 3.7115716934e+00
   44.633   11.971 3.6114740372e+00
   44.633   12.034 3.6876459122e+00
   44.633   12.097 3.7574701309e+00
   44.633   12.160 6.1388177872e+00
   44.633   12.223 6.2760248184e+00
   44.633   12.287 6.7179193497e+00
   44.633   12.350 7.3243646622e+00
   44.633   12.413 7.9737787247e+00
   44.633   12.476 8.5050287247e+00
   44.633   12.539 8.8678216934e+00
   44.633   12.602 9.0694818497e+00
   44.633   12.665 9.1974115372e+00
   44.633   12.728 9.2564935684e+00
   44.633   12.791 9.4073724747e+00
   44.633   12.854 9.9059076309e+00
   44.678    9.134 3.0221185684e+00
   44.678    9.197 7.9311466217e-01
   44.678    9.260 8.9663028717e-01
   44.678    9.323 2.1021966934e+00
   44.678    9.386 1.4029779434e+00
   44.678    9.449 1.2164545059e+00
   44.678    9.512 7.2036075592e-01
   44.678    9.575 1.6974115372e+00
   44.678    9.638 1.2052240372e+00
   44.678    9.701 1.0816888809e+00
   44.678    9.765 1.6173334122e+00
   44.678    9.828 2.5826654434e+00
   44.678    9.891 2.4566888809e+00
   44.678    9.954 2.8004388809e+00
   44.678   10.017 3.5260248184e+00
   44.678   10.080 3.9395990372e+00
   44.678   10.143 4.4703607559e+00
   44.678   10.206 4.8795404434e+00
   44.678   10.269 5.0865716934e+00
   44.678   10.332 5.3595209122e+00
   44.678   10.395 5.3707513809e+00
   44.678   10.458 5.7940912247e+00
   44.678   10.521 5.5543451309e+00
   44.678   10.584 5.5572748184e+00
   44.678   10.647 5.0367670059e+00
   44.678   10.710 5.1651849747e+00
   44.678   10.773 4.9459466934e+00
   44.678   10.836 4.2447748184e+00
   44.678   10.899 4.0753412247e+00
   44.678   10.962 3.9010248184e+00
   44.678   11.026 3.8697748184e+00
   44.678   11.089 3.8297357559e+00
   44.678   11.152 3.7921380997e+00
   44.678   11.215 3.7662591934e+00
   44.678   11.278 3.8482904434e+00
   44.678   11.341 3.8155755997e+00
   44.678   11.404 3.7716302872e+00
   44.678   11.467 3.7511224747e+00
   44.678   11.530 3.8116693497e+00
   44.678   11.593 3.5499505997e+00
   44.678   11.656 3.4591302872e+00
   44.678   11.719 3.5401849747e+00
   44.678   11.782 3.6524896622e+00
   44.678   11.845 3.6251459122e+00
   44.678   11.908 3.6578607559e+00
   44.678   11.971 3.7149896622e+00
   44.678   12.034 3.6754388809e+00
   44.678   12.097 3.8131341934e+00
   44.678   12.160 3.6998529434e+00
   44.678   12.223 2.9395990372e+00
   44.678   12.287 6.1954584122e+00
   44.678   12.350 7.6500482559e+00
   44.678   12.413 8.2096185684e+00
   44.678   12.476 8.5152826309e+00
   44.678   12.539 8.7506341934e+00
   44.678   12.602 8.9762201309e+00
   44.678   12.665 9.1173334122e+00
   44.678   12.728 9.1900873184e+00
   44.678   12.791 9.5704584122e+00
   44.678   12.854 1.0189599037e+01
   44.723    9.134 2.8888177872e+00
   44.723    9.197 1.2213373184e+00
   44.723    9.260 1.0978021622e+00
   44.723    9.323 2.7315912247e+00
   44.723    9.386 2.1817865372e+00
   44.723    9.449 1.2872552872e+00
   44.723    9.512 9.3276309967e-01
   44.723    9.575 1.5680170059e+00
   44.723    9.638 1.1588373184e+00
   44.723    9.701 1.0782709122e+00
   44.723    9.765 1.2149896622e+00
   44.723    9.828 3.1129388809e+00
   44.723    9.891 2.8824701309e+00
   44.723    9.954 2.9972162247e+00
   44.723   10.017 3.2701654434e+00
   44.723   10.080 4.1593255997e+00
   44.723   10.143 4.3697748184e+00
   44.723   10.206 4.7140130997e+00
   44.723   10.269 5.1422357559e+00
   44.723   10.332 5.0841302872e+00
   44.723   10.395 5.0118646622e+00
   44.723   10.458 4.9337396622e+00
   44.723   10.521 4.8824701309e+00
   44.723   10.584 4.5421380997e+00
   44.723   10.647 4.0147943497e+00
   44.723   10.710 4.8292474747e+00
   44.723   10.773 4.8570795059e+00
   44.723   10.836 4.2369623184e+00
   44.723   10.899 4.0948724747e+00
   44.723   10.962 4.0685052872e+00
   44.723   11.026 3.8810052872e+00
   44.723   11.089 3.8341302872e+00
   44.723   11.152 3.8297357559e+00
   44.723   11.215 3.7403802872e+00
   44.723   11.278 3.7804193497e+00
   44.723   11.341 3.8731927872e+00
   44.723   11.404 3.9391107559e+00
   44.723   11.467 3.9674310684e+00
   44.723   11.530 3.8956537247e+00
   44.723   11.593 3.5045404434e+00
   44.723   11.656 3.4415521622e+00
   44.723   11.719 3.5860834122e+00
   44.723   11.782 3.5528802872e+00
   44.723   11.845 3.6031732559e+00
   44.723   11.908 3.5816888809e+00
   44.723   11.971 3.7696771622e+00
   44.723   12.034 3.6598138809e+00
   44.723   12.097 3.7140130997e+00
   44.723   12.160 3.7677240372e+00
   44.723   12.223 4.0450677872e+00
   44.723   12.287 7.0387201309e+00
   44.723   12.350 7.7926263809e+00
   44.723   12.413 7.9098138809e+00
   44.723   12.476 8.1227045059e+00
   44.723   12.539 8.5465326309e+00
   44.723   12.602 8.8858880997e+00
   44.723   12.665 9.0187005997e+00
   44.723   12.728 9.2945795059e+00
   44.723   12.791 9.8912591934e+00
   44.723   12.854 1.0363427162e+01
   44.768    9.134 3.2716302872e+00
   44.768    9.197 2.8443841934e+00
   44.768    9.260 1.6300287247e+00
   44.768    9.323 2.3004388809e+00
   44.768    9.386 2.3629388809e+00
   44.768    9.449 2.3976068497e+00
   44.768    9.512 1.5636224747e+00
   44.768    9.575 1.4576654434e+00
   44.768    9.638 1.8150873184e+00
   44.768    9.701 1.9889154434e+00
   44.768    9.765 2.1148920059e+00
   44.768    9.828 2.8990716934e+00
   44.768    9.891 3.3175287247e+00
   44.768    9.954 3.4063959122e+00
   44.768   10.017 3.4449701309e+00
   44.768   10.080 4.0616693497e+00
   44.768   10.143 4.7623529434e+00
   44.768   10.206 4.7999505997e+00
   44.768   10.269 4.9376459122e+00
   44.768   10.332 4.9781732559e+00
   44.768   10.395 5.3272943497e+00
   44.768   10.458 4.7926263809e+00
   44.768   10.521 4.6832513809e+00
   44.768   10.584 4.8062982559e+00
   44.768   10.647 4.7560052872e+00
   44.768   10.710 4.5645990372e+00
   44.768   10.773 4.4957513809e+00
   44.768   10.836 4.3697748184e+00
   44.768   10.899 4.1236810684e+00
   44.768   10.962 4.1881341934e+00
   44.768   11.026 4.0865716934e+00
   44.768   11.089 3.9503412247e+00
   44.768   11.152 3.8770990372e+00
   44.768   11.215 3.8507318497e+00
   44.768   11.278 3.8966302872e+00
   44.768   11.341 4.0450677872e+00
   44.768   11.404 3.9044427872e+00
   44.768   11.467 3.8282709122e+00
   44.768   11.530 3.7374505997e+00
   44.768   11.593 3.5323724747e+00
   44.768   11.656 3.5904779434e+00
   44.768   11.719 3.5543451309e+00
   44.768   11.782 3.5157709122e+00
   44.768   11.845 3.5084466934e+00
   44.768   11.908 3.5958490372e+00
   44.768   11.971 3.6827630997e+00
   44.768   12.034 3.6075677872e+00
   44.768   12.097 3.7066888809e+00
   44.768   12.160 3.5289545059e+00
   44.768   12.223 6.0138177872e+00
   44.768   12.287 7.0152826309e+00
   44.768   12.350 6.9303216934e+00
   44.768   12.413 7.1900873184e+00
   44.768   12.476 7.8438959122e+00
   44.768   12.539 8.4474115372e+00
   44.768   12.602 8.7374505997e+00
   44.768   12.665 8.9405755997e+00
   44.768   12.728 9.5870599747e+00
   44.768   12.791 1.0162743568e+01
   44.768   12.854 1.0454247475e+01
   44.813    9.134 3.6725091934e+00
   44.813    9.197 3.9625482559e+00
   44.813    9.260 2.6783685684e+00
   44.813    9.323 1.9859857559e+00
   44.813    9.386 2.3004388809e+00
   44.813    9.449 3.1124505997e+00
   44.813    9.512 3.5465326309e+00
   44.813    9.575 2.9864740372e+00
   44.813    9.638 3.3136224747e+00
   44.813    9.701 3.2535638809e+00
   44.813    9.765 3.5113763809e+00
   44.813    9.828 3.5450677872e+00
   44.813    9.891 3.7013177872e+00
   44.813    9.954 4.3727045059e+00
   44.813   10.017 4.5353021622e+00
   44.813   10.080 5.2579584122e+00
   44.813   10.143 5.2501459122e+00
   44.813   10.206 5.2120599747e+00
   44.813   10.269 4.9254388809e+00
   44.813   10.332 5.6100091934e+00
   44.813   10.395 4.8751459122e+00
   44.813   10.458 4.7071771622e+00
   44.813   10.521 4.5851068497e+00
   44.813   10.584 4.4386224747e+00
   44.813   10.647 4.3478021622e+00
   44.813   10.710 4.2760248184e+00
   44.813   10.773 4.3932123184e+00
   44.813   10.836 4.2862787247e+00
   44.813   10.899 4.2452630997e+00
   44.813   10.962 4.1627435684e+00
   44.813   11.026 4.1080560684e+00
   44.813   11.089 4.0382318497e+00
   44.813   11.152 3.9728021622e+00
   44.813   11.215 3.8795404434e+00
   44.813   11.278 3.8336420059e+00
   44.813   11.341 3.9508295059e+00
   44.813   11.404 3.8756341934e+00
   44.813   11.467 3.7140130997e+00
   44.813   11.530 3.6148920059e+00
   44.813   11.593 3.6246576309e+00
   44.813   11.656 3.6803216934e+00
   44.813   11.719 3.5416498184e+00
   44.813   11.782 3.5953607559e+00
   44.813   11.845 3.6373529434e+00
   44.813   11.908 3.6041498184e+00
   44.813   11.971 3.6119623184e+00
   44.813   12.034 3.5689935684e+00
   44.813   12.097 3.6114740372e+00
   44.813   12.160 3.8048334122e+00
   44.813   12.223 3.1217279434e+00
   44.813   12.287 6.1661615372e+00
   44.813   12.350 3.8067865372e+00
   44.813   12.413 6.5572748184e+00
   44.813   12.476 7.7857904434e+00
   44.813   12.539 8.2550287247e+00
   44.813   12.602 8.5299310684e+00
   44.813   12.665 9.1021966934e+00
   44.813   12.728 9.9273920059e+00
   44.813   12.791 1.0332665443e+01
   44.813   12.854 1.0527977943e+01
   44.858    9.134 4.4015130997e+00
   44.858    9.197 4.0846185684e+00
   44.858    9.260 3.7223138809e+00
   44.858    9.323 2.4352045059e+00
   44.858    9.386 2.7779779434e+00
   44.858    9.449 3.5475091934e+00
   44.858    9.512 3.7252435684e+00
   44.858    9.575 3.8922357559e+00
   44.858    9.638 4.4889154434e+00
   44.858    9.701 4.7149896622e+00
   44.858    9.765 4.3800287247e+00
   44.858    9.828 5.0348138809e+00
   44.858    9.891 5.3268060684e+00
   44.858    9.954 5.5924310684e+00
   44.858   10.017 5.8912591934e+00
   44.858   10.080 5.3517084122e+00
   44.858   10.143 5.1642084122e+00
   44.858   10.206 5.0909662247e+00
   44.858   10.269 4.8160638809e+00
   44.858   10.332 4.7618646622e+00
   44.858   10.395 4.6773920059e+00
   44.858   10.458 4.6378412247e+00
   44.858   10.521 4.4742670059e+00
   44.858   10.584 4.3814935684e+00
   44.858   10.647 4.2540521622e+00
   44.858   10.710 4.2252435684e+00
   44.858   10.773 4.2965326309e+00
   44.858   10.836 4.2735834122e+00
   44.858   10.899 4.2491693497e+00
   44.858   10.962 4.3058099747e+00
   44.858   11.026 4.2335443497e+00
   44.858   11.089 4.1075677872e+00
   44.858   11.152 3.9801263809e+00
   44.858   11.215 3.8219232559e+00
   44.858   11.278 3.7447748184e+00
   44.858   11.341 3.7540521622e+00
   44.858   11.404 3.6837396622e+00
   44.858   11.467 3.5245599747e+00
   44.858   11.530 3.4669427872e+00
   44.858   11.593 3.6100091934e+00
   44.858   11.656 3.7677240372e+00
   44.858   11.719 3.7667474747e+00
   44.858   11.782 3.7213373184e+00
   44.858   11.845 3.7599115372e+00
   44.858   11.908 3.7745599747e+00
   44.858   11.971 3.7809076309e+00
   44.858   12.034 3.8077630997e+00
   44.858   12.097 3.8731927872e+00
   44.858   12.160 4.0191888809e+00
   44.858   12.223 3.9815912247e+00
   44.858   12.287 3.7286615372e+00
   44.858   12.350 3.9015130997e+00
   44.858   12.413 6.5650873184e+00
   44.858   12.476 7.2433099747e+00
   44.858   12.539 7.8907709122e+00
   44.858   12.602 8.6065912247e+00
   44.858   12.665 9.5265130997e+00
   44.858   12.728 1.0192040443e+01
   44.858   12.791 1.0427880287e+01
   44.858   12.854 1.0589013100e+01
   44.903    9.134 4.1051263809e+00
   44.903    9.197 3.8395013809e+00
   44.903    9.260 3.7398920059e+00
   44.903    9.323 3.7398920059e+00
   44.903    9.386 3.8194818497e+00
   44.903    9.449 4.0758295059e+00
   44.903    9.512 4.1109857559e+00
   44.903    9.575 4.6944818497e+00
   44.903    9.638 5.1412591934e+00
   44.903    9.701 5.3521966934e+00
   44.903    9.765 5.6109857559e+00
   44.903    9.828 6.1422357559e+00
   44.903    9.891 6.5768060684e+00
   44.903    9.954 5.6544427872e+00
   44.903   10.017 5.8609857559e+00
   44.903   10.080 5.0143060684e+00
   44.903   10.143 4.8321771622e+00
   44.903   10.206 4.7657709122e+00
   44.903   10.269 4.5938959122e+00
   44.903   10.332 4.4098138809e+00
   44.903   10.395 4.4161615372e+00
   44.903   10.458 4.3189935684e+00
   44.903   10.521 4.3180170059e+00
   44.903   10.584 4.3116693497e+00
   44.903   10.647 4.1935052872e+00
   44.903   10.710 4.3312005997e+00
   44.903   10.773 4.3487787247e+00
   44.903   10.836 4.3121576309e+00
   44.903   10.899 4.3141107559e+00
   44.903   10.962 4.4010248184e+00
   44.903   11.026 4.3795404434e+00
   44.903   11.089 4.2633295059e+00
   44.903   11.152 4.0465326309e+00
   44.903   11.215 3.9186029434e+00
   44.903   11.278 3.7501459122e+00
   44.903   11.341 3.6554193497e+00
   44.903   11.404 3.5372552872e+00
   44.903   11.467 3.4635248184e+00
   44.903   11.530 3.5260248184e+00
   44.903   11.593 3.7745599747e+00
   44.903   11.656 3.9972162247e+00
   44.903   11.719 4.0191888809e+00
   44.903   11.782 3.8829584122e+00
   44.903   11.845 3.8634271622e+00
   44.903   11.908 3.8976068497e+00
   44.903   11.971 3.9596185684e+00
   44.903   12.034 4.1412591934e+00
   44.903   12.097 4.1192865372e+00
   44.903   12.160 4.2354974747e+00
   44.903   12.223 4.2252435684e+00
   44.903   12.287 4.2784662247e+00
   44.903   12.350 4.2589349747e+00
   44.903   12.413 4.5675287247e+00
   44.903   12.476 5.0020990372e+00
   44.903   12.539 7.7569818497e+00
   44.903   12.602 9.0528802872e+00
   44.903   12.665 9.9107904434e+00
   44.903   12.728 1.0313134193e+01
   44.903   12.791 1.0455712318e+01
   44.903   12.854 1.0612938881e+01
   44.948    9.134 5.0768060684e+00
   44.948    9.197 4.4991693497e+00
   44.948    9.260 4.2711420059e+00
   44.948    9.323 4.4039545059e+00
   44.948    9.386 4.7120599747e+00
   44.948    9.449 5.1090326309e+00
   44.948    9.512 5.3238763809e+00
   44.948    9.575 5.4269037247e+00
   44.948    9.638 5.6231927872e+00
   44.948    9.701 5.5641107559e+00
   44.948    9.765 5.4645013809e+00
   44.948    9.828 5.9591302872e+00
   44.948    9.891 5.9972162247e+00
   44.948    9.954 5.7618646622e+00
   44.948   10.017 5.9420404434e+00
   44.948   10.080 5.3497552872e+00
   44.948   10.143 4.6393060684e+00
   44.948   10.206 4.4723138809e+00
   44.948   10.269 4.3150873184e+00
   44.948   10.332 4.2437982559e+00
   44.948   10.395 4.1852045059e+00
   44.948   10.458 4.1134271622e+00
   44.948   10.521 3.8580560684e+00
   44.948   10.584 4.0074701309e+00
   44.948   10.647 4.1358880997e+00
   44.948   10.710 4.1759271622e+00
   44.948   10.773 4.3243646622e+00
   44.948   10.836 4.3990716934e+00
   44.948   10.899 4.4073724747e+00
   44.948   10.962 4.4767084122e+00
   44.948   11.026 4.4771966934e+00
   44.948   11.089 4.4112787247e+00
   44.948   11.152 4.2047357559e+00
   44.948   11.215 4.0504388809e+00
   44.948   11.278 3.8951654434e+00
   44.948   11.341 3.6549310684e+00
   44.948   11.404 3.6183099747e+00
   44.948   11.467 3.6061029434e+00
   44.948   11.530 3.7003412247e+00
   44.948   11.593 4.0479974747e+00
   44.948   11.656 4.1661615372e+00
   44.948   11.719 4.2257318497e+00
   44.948   11.782 4.0138177872e+00
   44.948   11.845 4.0177240372e+00
   44.948   11.908 3.9859857559e+00
   44.948   11.971 4.0787591934e+00
   44.948   12.034 4.2218255997e+00
   44.948   12.097 4.2291498184e+00
   44.948   12.160 4.3370599747e+00
   44.948   12.223 4.3790521622e+00
   44.948   12.287 4.1686029434e+00
   44.948   12.350 5.0304193497e+00
   44.948   12.413 5.4591302872e+00
   44.948   12.476 5.9312982559e+00
   44.948   12.539 8.3639154434e+00
   44.948   12.602 9.5094232559e+00
   44.948   12.665 1.0091454506e+01
   44.948   12.728 1.0301903725e+01
   44.948   12.791 1.0422997475e+01
   44.948   12.854 1.0594384193e+01
   44.993    9.134 5.8727045059e+00
   44.993    9.197 5.5050287247e+00
   44.993    9.260 5.2442865372e+00
   44.993    9.323 4.9928216934e+00
   44.993    9.386 5.3199701309e+00
   44.993    9.449 5.8438959122e+00
   44.993    9.512 6.0406732559e+00
   44.993    9.575 5.8053216934e+00
   44.993    9.638 5.4693841934e+00
   44.993    9.701 5.4312982559e+00
   44.993    9.765 5.4317865372e+00
   44.993    9.828 5.5484857559e+00
   44.993    9.891 5.6290521622e+00
   44.993    9.954 5.8473138809e+00
   44.993   10.017 5.9718255997e+00
   44.993   10.080 5.8600091934e+00
   44.993   10.143 5.5074701309e+00
   44.993   10.206 4.6949701309e+00
   44.993   10.269 4.3614740372e+00
   44.993   10.332 4.2911615372e+00
   44.993   10.395 4.2164545059e+00
   44.993   10.458 3.8731927872e+00
   44.993   10.521 3.9493646622e+00
   44.993   10.584 3.8810052872e+00
   44.993   10.647 4.2296380997e+00
   44.993   10.710 4.4073724747e+00
   44.993   10.773 4.5787591934e+00
   44.993   10.836 4.4786615372e+00
   44.993   10.899 4.4493646622e+00
   44.993   10.962 4.4269037247e+00
   44.993   11.026 4.4425287247e+00
   44.993   11.089 4.4332513809e+00
   44.993   11.152 4.1197748184e+00
   44.993   11.215 3.8619623184e+00
   44.993   11.278 3.6705560684e+00
   44.993   11.341 3.6456537247e+00
   44.993   11.404 3.7647943497e+00
   44.993   11.467 3.7726068497e+00
   44.993   11.530 3.8814935684e+00
   44.993   11.593 4.2384271622e+00
   44.993   11.656 4.3390130997e+00
   44.993   11.719 4.4269037247e+00
   44.993   11.782 4.2159662247e+00
   44.993   11.845 4.1261224747e+00
   44.993   11.908 4.1568841934e+00
   44.993   11.971 4.2076654434e+00
   44.993   12.034 4.2804193497e+00
   44.993   12.097 4.2389154434e+00
   44.993   12.160 4.3580560684e+00
   44.993   12.223 4.4132318497e+00
   44.993   12.287 3.8312005997e+00
   44.993   12.350 7.3458490372e+00
   44.993   12.413 5.8551263809e+00
   44.993   12.476 8.1119623184e+00
   44.993   12.539 9.1388177872e+00
   44.993   12.602 9.7848138809e+00
   44.993   12.665 1.0101220131e+01
   44.993   12.728 1.0195946693e+01
   44.993   12.791 1.0378563881e+01
   44.993   12.854 1.0611962318e+01
   45.038    9.134 4.8487787247e+00
   45.038    9.197 6.0011224747e+00
   45.038    9.260 6.0201654434e+00
   45.038    9.323 5.7369623184e+00
   45.038    9.386 5.6349115372e+00
   45.038    9.449 5.5626459122e+00
   45.038    9.512 5.3868646622e+00
   45.038    9.575 5.4259271622e+00
   45.038    9.638 5.3048334122e+00
   45.038    9.701 5.1422357559e+00
   45.038    9.765 5.0509271622e+00
   45.038    9.828 5.0421380997e+00
   45.038    9.891 5.0982904434e+00
   45.038    9.954 5.7750482559e+00
   45.038   10.017 5.8888177872e+00
   45.038   10.080 5.2115716934e+00
   45.038   10.143 5.7237787247e+00
   45.038   10.206 4.9493646622e+00
   45.038   10.269 4.5636224747e+00
   45.038   10.332 4.3590326309e+00
   45.038   10.395 3.9352045059e+00
   45.038   10.458 3.9854974747e+00
   45.038   10.521 3.8868646622e+00
   45.038   10.584 3.8224115372e+00
   45.038   10.647 4.3575677872e+00
   45.038   10.710 4.5182123184e+00
   45.038   10.773 4.4771966934e+00
   45.038   10.836 4.4562005997e+00
   45.038   10.899 4.4669427872e+00
   45.038   10.962 4.4112787247e+00
   45.038   11.026 4.3565912247e+00
   45.038   11.089 4.3185052872e+00
   45.038   11.152 4.0045404434e+00
   45.038   11.215 3.7643060684e+00
   45.038   11.278 3.6441888809e+00
   45.038   11.341 3.7584466934e+00
   45.038   11.404 3.8395013809e+00
   45.038   11.467 3.9859857559e+00
   45.038   11.530 4.0816888809e+00
   45.038   11.593 4.3853998184e+00
   45.038   11.656 4.4830560684e+00
   45.038   11.719 4.5030755997e+00
   45.038   11.782 4.5030755997e+00
   45.038   11.845 4.3541498184e+00
   45.038   11.908 4.3478021622e+00
   45.038   11.971 4.4171380997e+00
   45.038   12.034 4.3790521622e+00
   45.038   12.097 4.4229974747e+00
   45.038   12.160 4.5519037247e+00
   45.038   12.223 4.4815912247e+00
   45.038   12.287 4.6183099747e+00
   45.038   12.350 7.4049310684e+00
   45.038   12.413 8.3365716934e+00
   45.038   12.476 8.9386224747e+00
   45.038   12.539 9.4967279434e+00
   45.038   12.602 9.8805170059e+00
   45.038   12.665 1.0042626381e+01
   45.038   12.728 1.0150048256e+01
   45.038   12.791 1.0475243568e+01
   45.038   12.854 1.0652977943e+01
   45.083    9.134 4.0099115372e+00
   45.083    9.197 4.9449701309e+00
   45.083    9.260 5.6646966934e+00
   45.083    9.323 5.7232904434e+00
   45.083    9.386 5.3912591934e+00
   45.083    9.449 5.0992670059e+00
   45.083    9.512 4.7799310684e+00
   45.083    9.575 4.7291498184e+00
   45.083    9.638 4.8736810684e+00
   45.083    9.701 4.8126459122e+00
   45.083    9.765 4.6520013809e+00
   45.083    9.828 4.5367670059e+00
   45.083    9.891 4.7994623184e+00
   45.083    9.954 5.3902826309e+00
   45.083   10.017 5.0099115372e+00
   45.083   10.080 4.7198724747e+00
   45.083   10.143 5.1065912247e+00
   45.083   10.206 4.6080560684e+00
   45.083   10.269 4.3614740372e+00
   45.083   10.332 4.1993646622e+00
   45.083   10.395 4.0860834122e+00
   45.083   10.458 3.9757318497e+00
   45.083   10.521 4.1900873184e+00
   45.083   10.584 4.2931146622e+00
   45.083   10.647 4.5382318497e+00
   45.083   10.710 4.3863763809e+00
   45.083   10.773 4.1603021622e+00
   45.083   10.836 3.9840326309e+00
   45.083   10.899 3.9288568497e+00
   45.083   10.962 4.2481927872e+00
   45.083   11.026 4.1397943497e+00
   45.083   11.089 3.8746576309e+00
   45.083   11.152 3.6490716934e+00
   45.083   11.215 3.8375482559e+00
   45.083   11.278 3.7374505997e+00
   45.083   11.341 3.9444818497e+00
   45.083   11.404 4.0255365372e+00
   45.083   11.467 4.1358880997e+00
   45.083   11.530 4.2823724747e+00
   45.083   11.593 4.3214349747e+00
   45.083   11.656 4.5558099747e+00
   45.083   11.719 4.5890130997e+00
   45.083   11.782 4.6388177872e+00
   45.083   11.845 4.5851068497e+00
   45.083   11.908 4.5743646622e+00
   45.083   11.971 4.5826654434e+00
   45.083   12.034 4.5523920059e+00
   45.083   12.097 4.8185052872e+00
   45.083   12.160 4.8575677872e+00
   45.083   12.223 4.5807123184e+00
   45.083   12.287 7.2433099747e+00
   45.083   12.350 7.9444818497e+00
   45.083   12.413 8.6456537247e+00
   45.083   12.476 9.3634271622e+00
   45.083   12.539 9.8375482559e+00
   45.083   12.602 1.0047020912e+01
   45.083   12.665 1.0133446693e+01
   45.083   12.728 1.0347313881e+01
   45.083   12.791 1.0659325600e+01
   45.083   12.854 1.0687157631e+01
   45.128    9.134 4.3424310684e+00
   45.128    9.197 4.1056146622e+00
   45.128    9.260 4.7457513809e+00
   45.128    9.323 5.0196771622e+00
   45.128    9.386 4.9122552872e+00
   45.128    9.449 4.7750482559e+00
   45.128    9.512 4.7145013809e+00
   45.128    9.575 4.6808099747e+00
   45.128    9.638 4.7501459122e+00
   45.128    9.701 4.8175287247e+00
   45.128    9.765 4.6998529434e+00
   45.128    9.828 4.2950677872e+00
   45.128    9.891 4.7115716934e+00
   45.128    9.954 4.7423334122e+00
   45.128   10.017 3.9474115372e+00
   45.128   10.080 4.3272943497e+00
   45.128   10.143 4.8922357559e+00
   45.128   10.206 4.7457513809e+00
   45.128   10.269 4.5743646622e+00
   45.128   10.332 4.3980951309e+00
   45.128   10.395 4.2228021622e+00
   45.128   10.458 4.1822748184e+00
   45.128   10.521 4.0875482559e+00
   45.128   10.584 4.4522943497e+00
   45.128   10.647 4.0323724747e+00
   45.128   10.710 3.7169427872e+00
   45.128   10.773 3.8141107559e+00
   45.128   10.836 3.6285638809e+00
   45.128   10.899 3.7936029434e+00
   45.128   10.962 3.9112787247e+00
   45.128   11.026 4.0694818497e+00
   45.128   11.089 4.0558099747e+00
   45.128   11.152 4.1900873184e+00
   45.128   11.215 4.2457513809e+00
   45.128   11.278 4.3326654434e+00
   45.128   11.341 4.2262201309e+00
   45.128   11.404 4.2457513809e+00
   45.128   11.467 4.0924310684e+00
   45.128   11.530 4.1773920059e+00
   45.128   11.593 4.2828607559e+00
   45.128   11.656 4.4474115372e+00
   45.128   11.719 4.6803216934e+00
   45.128   11.782 4.8375482559e+00
   45.128   11.845 4.8971185684e+00
   45.128   11.908 4.8873529434e+00
   45.128   11.971 4.8224115372e+00
   45.128   12.034 4.6568841934e+00
   45.128   12.097 4.9771966934e+00
   45.128   12.160 4.4649896622e+00
   45.128   12.223 4.8448724747e+00
   45.128   12.287 4.6778802872e+00
   45.128   12.350 8.1871576309e+00
   45.128   12.413 9.4381341934e+00
   45.128   12.476 1.0097802162e+01
   45.128   12.539 1.0299462318e+01
   45.128   12.602 1.0378563881e+01
   45.128   12.665 1.0575829506e+01
   45.128   12.728 1.0738915443e+01
   45.128   12.791 1.0707665443e+01
   45.128   12.854 1.0777977943e+01
   45.173    9.134 4.4459466934e+00
   45.173    9.197 4.2354974747e+00
   45.173    9.260 4.6007318497e+00
   45.173    9.323 4.7589349747e+00
   45.173    9.386 4.7564935684e+00
   45.173    9.449 4.5934076309e+00
   45.173    9.512 4.5875482559e+00
   45.173    9.575 4.5948724747e+00
   45.173    9.638 4.5484857559e+00
   45.173    9.701 4.9054193497e+00
   45.173    9.765 4.1837396622e+00
   45.173    9.828 4.3316888809e+00
   45.173    9.891 4.6261224747e+00
   45.173    9.954 4.3067865372e+00
   45.173   10.017 3.9908685684e+00
   45.173   10.080 4.4044427872e+00
   45.173   10.143 4.8165521622e+00
   45.173   10.206 4.7760248184e+00
   45.173   10.269 4.2843255997e+00
   45.173   10.332 4.0831537247e+00
   45.173   10.395 4.0318841934e+00
   45.173   10.458 4.0069818497e+00
   45.173   10.521 4.0685052872e+00
   45.173   10.584 4.1314935684e+00
   45.173   10.647 3.6227045059e+00
   45.173   10.710 2.9859857559e+00
   45.173   10.773 2.8761224747e+00
   45.173   10.836 2.8595209122e+00
   45.173   10.899 3.9625482559e+00
   45.173   10.962 4.2076654434e+00
   45.173   11.026 4.2296380997e+00
   45.173   11.089 4.3722162247e+00
   45.173   11.152 4.6446771622e+00
   45.173   11.215 4.6637201309e+00
   45.173   11.278 4.4156732559e+00
   45.173   11.341 4.2799310684e+00
   45.173   11.404 4.4317865372e+00
   45.173   11.467 4.3370599747e+00
   45.173   11.530 4.2613763809e+00
   45.173   11.593 4.1344232559e+00
   45.173   11.656 4.8194818497e+00
   45.173   11.719 5.0494623184e+00
   45.173   11.782 5.3258295059e+00
   45.173   11.845 5.1261224747e+00
   45.173   11.908 4.9918451309e+00
   45.173   11.971 4.9493646622e+00
   45.173   12.034 5.1334466934e+00
   45.173   12.097 4.5685052872e+00
   45.173   12.160 4.2506341934e+00
   45.173   12.223 5.2564935684e+00
   45.173   12.287 6.2350091934e+00
   45.173   12.350 9.6930170059e+00
   45.173   12.413 9.7076654434e+00
   45.173   12.476 1.0624169350e+01
   45.173   12.539 1.0752099037e+01
   45.173   12.602 1.0838036537e+01
   45.173   12.665 1.0821434975e+01
   45.173   12.728 1.0789696693e+01
   45.173   12.791 1.0903466225e+01
   45.173   12.854 1.0937157631e+01
   45.218    9.134 4.9142084122e+00
   45.218    9.197 4.6329584122e+00
   45.218    9.260 4.8331537247e+00
   45.218    9.323 5.1021966934e+00
   45.218    9.386 5.4161615372e+00
   45.218    9.449 5.1139154434e+00
   45.218    9.512 4.8194818497e+00
   45.218    9.575 5.5377435684e+00
   45.218    9.638 5.8707513809e+00
   45.218    9.701 6.1627435684e+00
   45.218    9.765 4.8756341934e+00
   45.218    9.828 5.1163568497e+00
   45.218    9.891 5.2330560684e+00
   45.218    9.954 4.6324701309e+00
   45.218   10.017 4.4195795059e+00
   45.218   10.080 4.7398920059e+00
   45.218   10.143 4.5396966934e+00
   45.218   10.206 4.6476068497e+00
   45.218   10.269 4.4059076309e+00
   45.218   10.332 4.3209466934e+00
   45.218   10.395 4.1622552872e+00
   45.218   10.458 4.5113763809e+00
   45.218   10.521 4.3775873184e+00
   45.218   10.584 3.8189935684e+00
   45.218   10.647 3.4928216934e+00
   45.218   10.710 2.9674310684e+00
   45.218   10.773 2.8019037247e+00
   45.218   10.836 3.7257318497e+00
   45.218   10.899 4.1051263809e+00
   45.218   10.962 4.2613763809e+00
   45.218   11.026 4.4259271622e+00
   45.218   11.089 4.7374505997e+00
   45.218   11.152 4.8849115372e+00
   45.218   11.215 4.7979974747e+00
   45.218   11.278 4.2984857559e+00
   45.218   11.341 4.3790521622e+00
   45.218   11.404 4.5514154434e+00
   45.218   11.467 4.4337396622e+00
   45.218   11.530 4.5577630997e+00
   45.218   11.593 4.0187005997e+00
   45.218   11.656 5.2164545059e+00
   45.218   11.719 5.5880365372e+00
   45.218   11.782 5.7779779434e+00
   45.218   11.845 5.3575677872e+00
   45.218   11.908 5.4767084122e+00
   45.218   11.971 4.8365716934e+00
   45.218   12.034 5.1310052872e+00
   45.218   12.097 4.4288568497e+00
   45.218   12.160 4.7979974747e+00
   45.218   12.223 8.6192865372e+00
   45.218   12.287 9.7887201309e+00
   45.218   12.350 9.5890130997e+00
   45.218   12.413 9.9112787247e+00
   45.218   12.476 1.1109520912e+01
   45.218   12.539 1.0873681068e+01
   45.218   12.602 1.0913720131e+01
   45.218   12.665 1.1096337318e+01
   45.218   12.728 1.1014794350e+01
   45.218   12.791 1.0978661537e+01
   45.218   12.854 1.0945458412e+01
   45.263    9.134 5.2633295059e+00
   45.263    9.197 5.3834466934e+00
   45.263    9.260 5.6446771622e+00
   45.263    9.323 5.7574701309e+00
   45.263    9.386 6.3209466934e+00
   45.263    9.449 5.6456537247e+00
   45.263    9.512 6.2496576309e+00
   45.263    9.575 6.3346185684e+00
   45.263    9.638 5.4869623184e+00
   45.263    9.701 5.2081537247e+00
   45.263    9.765 5.3805170059e+00
   45.263    9.828 5.4640130997e+00
   45.263    9.891 5.4830560684e+00
   45.263    9.954 5.0040521622e+00
   45.263   10.017 4.4161615372e+00
   45.263   10.080 4.1651849747e+00
   45.263   10.143 4.1432123184e+00
   45.263   10.206 4.0431146622e+00
   45.263   10.269 4.1871576309e+00
   45.263   10.332 4.5929193497e+00
   45.263   10.395 4.4981927872e+00
   45.263   10.458 4.8238763809e+00
   45.263   10.521 4.6705560684e+00
   45.263   10.584 4.2892084122e+00
   45.263   10.647 3.6500482559e+00
   45.263   10.710 3.5934076309e+00
   45.263   10.773 3.7955560684e+00
   45.263   10.836 4.0655755997e+00
   45.263   10.899 4.2896966934e+00
   45.263   10.962 4.4703607559e+00
   45.263   11.026 4.6119623184e+00
   45.263   11.089 5.0499505997e+00
   45.263   11.152 5.1256341934e+00
   45.263   11.215 4.9850091934e+00
   45.263   11.278 4.7408685684e+00
   45.263   11.341 4.5387201309e+00
   45.263   11.404 4.6695795059e+00
   45.263   11.467 4.4337396622e+00
   45.263   11.530 4.3395013809e+00
   45.263   11.593 4.8497552872e+00
   45.263   11.656 5.4762201309e+00
   45.263   11.719 6.0167474747e+00
   45.263   11.782 5.8458490372e+00
   45.263   11.845 5.6129388809e+00
   45.263   11.908 5.5816888809e+00
   45.263   11.971 5.3980951309e+00
   45.263   12.034 5.0865716934e+00
   45.263   12.097 4.3424310684e+00
   45.263   12.160 8.2281732559e+00
   45.263   12.223 9.3697748184e+00
   45.263   12.287 9.5245599747e+00
   45.263   12.350 9.4767084122e+00
   45.263   12.413 9.8268060684e+00
   45.263   12.476 1.0849755287e+01
   45.263   12.539 1.1097802162e+01
   45.263   12.602 1.1100243568e+01
   45.263   12.665 1.1159325600e+01
   45.263   12.728 1.1101708412e+01
   45.263   12.791 1.1061669350e+01
   45.263   12.854 1.0883934975e+01
   45.308    9.134 5.6642084122e+00
   45.308    9.197 5.6270990372e+00
   45.308    9.260 5.6529779434e+00
   45.308    9.323 5.9347162247e+00
   45.308    9.386 5.7062005997e+00
   45.308    9.449 5.6270990372e+00
   45.308    9.512 5.2325677872e+00
   45.308    9.575 5.1769037247e+00
   45.308    9.638 5.1153802872e+00
   45.308    9.701 5.2882318497e+00
   45.308    9.765 5.1773920059e+00
   45.308    9.828 5.3863763809e+00
   45.308    9.891 5.1705560684e+00
   45.308    9.954 5.4972162247e+00
   45.308   10.017 4.6744623184e+00
   45.308   10.080 4.4361810684e+00
   45.308   10.143 4.4347162247e+00
   45.308   10.206 4.4742670059e+00
   45.308   10.269 4.9420404434e+00
   45.308   10.332 4.4840326309e+00
   45.308   10.395 4.3990716934e+00
   45.308   10.458 4.5602045059e+00
   45.308   10.521 4.7101068497e+00
   45.308   10.584 4.6856927872e+00
   45.308   10.647 4.1339349747e+00
   45.308   10.710 3.9972162247e+00
   45.308   10.773 4.2276849747e+00
   45.308   10.836 4.2516107559e+00
   45.308   10.899 4.5665521622e+00
   45.308   10.962 4.9068841934e+00
   45.308   11.026 4.9776849747e+00
   45.308   11.089 5.1285638809e+00
   45.308   11.152 5.2496576309e+00
   45.308   11.215 5.2437982559e+00
   45.308   11.278 4.8888177872e+00
   45.308   11.341 4.7062005997e+00
   45.308   11.404 4.8653802872e+00
   45.308   11.467 4.7579584122e+00
   45.308   11.530 4.3087396622e+00
   45.308   11.593 3.9649896622e+00
   45.308   11.656 4.6559076309e+00
   45.308   11.719 6.7296380997e+00
   45.308   11.782 5.5694818497e+00
   45.308   11.845 5.5748529434e+00
   45.308   11.908 5.4356927872e+00
   45.308   11.971 5.1754388809e+00
   45.308   12.034 4.9068841934e+00
   45.308   12.097 4.3912591934e+00
   45.308   12.160 7.7423334122e+00
   45.308   12.223 9.2276849747e+00
   45.308   12.287 9.6988763809e+00
   45.308   12.350 9.3912591934e+00
   45.308   12.413 9.5616693497e+00
   45.308   12.476 1.0527977943e+01
   45.308   12.539 1.0966454506e+01
   45.308   12.602 1.0798974037e+01
   45.308   12.665 1.0811181068e+01
   45.308   12.728 1.0706200600e+01
   45.308   12.791 1.0527001381e+01
   45.308   12.854 1.0401513100e+01
   45.353    9.134 5.6207513809e+00
   45.353    9.197 5.6969232559e+00
   45.353    9.260 5.5645990372e+00
   45.353    9.323 5.7281732559e+00
   45.353    9.386 5.3829584122e+00
   45.353    9.449 5.3312005997e+00
   45.353    9.512 5.1383295059e+00
   45.353    9.575 5.2164545059e+00
   45.353    9.638 5.1495599747e+00
   45.353    9.701 5.1344232559e+00
   45.353    9.765 5.3004388809e+00
   45.353    9.828 5.3512201309e+00
   45.353    9.891 5.0426263809e+00
   45.353    9.954 5.4342279434e+00
   45.353   10.017 6.0606927872e+00
   45.353   10.080 5.2477045059e+00
   45.353   10.143 5.4869623184e+00
   45.353   10.206 6.2965326309e+00
   45.353   10.269 6.4928216934e+00
   45.353   10.332 6.2394037247e+00
   45.353   10.395 5.8014154434e+00
   45.353   10.458 5.8653802872e+00
   45.353   10.521 6.0514154434e+00
   45.353   10.584 5.8966302872e+00
   45.353   10.647 6.6534662247e+00
   45.353   10.710 5.7516107559e+00
   45.353   10.773 5.4093255997e+00
   45.353   10.836 5.2628412247e+00
   45.353   10.899 5.4264154434e+00
   45.353   10.962 5.5025873184e+00
   45.353   11.026 5.2657709122e+00
   45.353   11.089 5.2247552872e+00
   45.353   11.152 5.1637201309e+00
   45.353   11.215 5.1339349747e+00
   45.353   11.278 4.7354974747e+00
   45.353   11.341 4.4781732559e+00
   45.353   11.404 4.8619623184e+00
   45.353   11.467 5.1793451309e+00
   45.353   11.530 4.6715326309e+00
   45.353   11.593 4.4977045059e+00
   45.353   11.656 4.5714349747e+00
   45.353   11.719 6.1832513809e+00
   45.353   11.782 5.9957513809e+00
   45.353   11.845 5.6695795059e+00
   45.353   11.908 5.3639154434e+00
   45.353   11.971 5.2018060684e+00
   45.353   12.034 5.1275873184e+00
   45.353   12.097 4.4967279434e+00
   45.353   12.160 7.1700677872e+00
   45.353   12.223 8.8629388809e+00
   45.353   12.287 9.4586420059e+00
   45.353   12.350 9.2511224747e+00
   45.353   12.413 9.2960443497e+00
   45.353   12.476 1.0019677162e+01
   45.353   12.539 1.0725731850e+01
   45.353   12.602 1.0856102943e+01
   45.353   12.665 1.0594384193e+01
   45.353   12.728 1.0686669350e+01
   45.353   12.791 1.0608544350e+01
   45.353   12.854 1.0560204506e+01
   45.398    9.134 5.9000482559e+00
   45.398    9.197 4.8756341934e+00
   45.398    9.260 5.3014154434e+00
   45.398    9.323 5.4967279434e+00
   45.398    9.386 5.5133295059e+00
   45.398    9.449 5.3883295059e+00
   45.398    9.512 5.1783685684e+00
   45.398    9.575 5.1798334122e+00
   45.398    9.638 4.9937982559e+00
   45.398    9.701 5.0616693497e+00
   45.398    9.765 5.0343255997e+00
   45.398    9.828 5.3927240372e+00
   45.398    9.891 5.3897943497e+00
   45.398    9.954 5.7437982559e+00
   45.398   10.017 6.2667474747e+00
   45.398   10.080 6.3878412247e+00
   45.398   10.143 6.7130365372e+00
   45.398   10.206 6.5724115372e+00
   45.398   10.269 6.7252435684e+00
   45.398   10.332 7.0235834122e+00
   45.398   10.395 6.2833490372e+00
   45.398   10.458 6.0968255997e+00
   45.398   10.521 5.8985834122e+00
   45.398   10.584 5.9601068497e+00
   45.398   10.647 5.8048334122e+00
   45.398   10.710 5.3541498184e+00
   45.398   10.773 5.3687982559e+00
   45.398   10.836 5.7770013809e+00
   45.398   10.899 6.0504388809e+00
   45.398   10.962 5.5948724747e+00
   45.398   11.026 5.2042474747e+00
   45.398   11.089 5.0812005997e+00
   45.398   11.152 4.9679193497e+00
   45.398   11.215 4.9088373184e+00
   45.398   11.278 4.3800287247e+00
   45.398   11.341 3.6993646622e+00
   45.398   11.404 5.2569818497e+00
   45.398   11.467 5.0670404434e+00
   45.398   11.530 4.8194818497e+00
   45.398   11.593 5.6031732559e+00
   45.398   11.656 5.6075677872e+00
   45.398   11.719 6.2413568497e+00
   45.398   11.782 6.5147943497e+00
   45.398   11.845 5.8927240372e+00
   45.398   11.908 5.5450677872e+00
   45.398   11.971 5.3185052872e+00
   45.398   12.034 5.4210443497e+00
   45.398   12.097 4.6642084122e+00
   45.398   12.160 4.3365716934e+00
   45.398   12.223 6.0562982559e+00
   45.398   12.287 9.3448724747e+00
   45.398   12.350 9.1466302872e+00
   45.398   12.413 8.8531732559e+00
   45.398   12.476 9.5929193497e+00
   45.398   12.539 1.0030419350e+01
   45.398   12.602 1.0804345131e+01
   45.398   12.665 1.0593407631e+01
   45.398   12.728 1.0625145912e+01
   45.398   12.791 1.0522118568e+01
   45.398   12.854 1.0363427162e+01
